id,danceability,energy,key,loudness,speechiness,acousticness,instrumentalness,liveness,valence,tempo,duration_min
0dfdXhBg11XA16XgAEtFcN,0.53,0.257,9,-13.968,0.0332,0.9129999999999999,0.0299,0.11,0.499,95.538,2.67
3yFRbFaSj8MeNuYaN21HIu,0.528,0.317,9,-10.133,0.0285,0.865,0.00215,0.102,0.27699999999999997,96.446,5.3
3SF5puV5eb6bgRSxBeMOk9,0.377,0.397,7,-8.427,0.0312,0.8170000000000001,0.0496,0.187,0.462,108.59100000000001,3.12
1EDjgsFptABkWWjdEbCjwJ,0.519,0.513,9,-6.495,0.0328,0.785,0.0039,0.1,0.634,133.622,2.58
0udZHhCi7p1YzMlvI4fXoK,0.593,0.364,11,-8.346,0.0388,0.852,8.64e-06,0.14800000000000002,0.38799999999999996,125.854,2.65
1X6dRpq3Wi6Jxthi8ZBBBz,0.52,0.44299999999999995,7,-7.755,0.0399,0.8109999999999999,0.0010400000000000001,0.0489,0.7659999999999999,123.9,3.29
6ixNehh9DrMM9vYhN93foh,0.563,0.679,0,-6.191,0.0441,0.825,0.0,0.336,0.76,123.38,1.63
7CviZOg1GotsImZjY4nrET,0.639,0.237,7,-11.157,0.0473,0.855,2.05e-06,0.0617,0.6759999999999999,107.67,2.73
2AyqRzXZ6ZmHcfZ1Mu4Vsj,0.6,0.348,9,-9.66,0.036000000000000004,0.8170000000000001,5.379999999999999e-05,0.11,0.655,127.07799999999999,2.33
6wrEYf9IyrjaLccRBhrsCO,0.634,0.505,4,-9.703,0.0471,0.841,0.00554,0.0887,0.62,132.52100000000002,2.84
4aFM4HgUGRM1cB75qbh2Su,0.44799999999999995,0.732,7,-6.346,0.0366,0.765,0.00047400000000000003,0.0799,0.741,125.845,3.36
1v4EF7zZLvC8XkcEncOTue,0.455,0.6759999999999999,0,-6.5329999999999995,0.0365,0.835,0.0005099999999999999,0.322,0.517,132.422,2.28
3qjiLjxJ4AZvLOtiE8znrD,0.563,0.7959999999999999,2,-6.2170000000000005,0.0451,0.802,0.00234,0.239,0.968,137.967,1.75
18GiV1BaXzPVYpp9rmOg0E,0.38,0.0993,2,-20.566999999999997,0.0509,0.914,2.3199999999999998e-05,0.0605,0.44,174.87400000000002,2.76
2WOjLF83vqjit2Zh4B69V3,0.6,0.243,4,-17.085,0.0366,0.89,0.0022,0.249,0.46799999999999997,110.535,3.62
7ny2ATvjtKszCpLpfsGnVQ,0.5670000000000001,0.198,4,-18.680999999999997,0.0327,0.919,0.0008710000000000001,0.135,0.321,92.46700000000001,6.87
739sLmfUkVFoyPtb0C3263,0.5379999999999999,0.115,10,-19.535999999999998,0.0335,0.883,8.420000000000001e-05,0.113,0.312,102.296,3.33
7xVpkVkd1klTzLJEysIR7z,0.556,0.273,5,-15.972999999999999,0.0372,0.613,3.27e-06,0.188,0.6920000000000001,166.06400000000002,4.52
7Ay1lHxhuM33NoXKsS0iom,0.6579999999999999,0.218,8,-17.302,0.0377,0.8759999999999999,0.0018800000000000002,0.16,0.632,106.73,1.79
1L4RtuEiAiwdX5taX4meLI,0.667,0.209,5,-16.915,0.0358,0.847,0.006959999999999999,0.0773,0.685,95.311,2.69
4MNxOR2Fu4NqJ892UdYx0h,0.48,0.247,7,-15.929,0.0311,0.747,2.86e-06,0.0745,0.42200000000000004,109.646,5.0
7fzLfsWsXVvStzsk9yRfbG,0.473,0.138,7,-21.116,0.0706,0.66,6.4e-06,0.105,0.41600000000000004,137.679,3.41
1xa66kvw6zwboiW7c8W9t8,0.5329999999999999,0.179,9,-18.796,0.0958,0.784,0.000195,0.133,0.851,124.594,2.34
0ePDsEDDIPZNpbwRUEXKoX,0.5660000000000001,0.21899999999999997,10,-16.813,0.0578,0.7809999999999999,0.000154,0.342,0.718,115.861,6.42
0D7qLnnev1iKpH5RNT7YsD,0.64,0.314,2,-12.88,0.038,0.86,5.72e-06,0.0779,0.7979999999999999,100.552,4.8
71XTdtW3bvmIrotG8yYVMS,0.545,0.525,2,-12.606,0.0859,0.8390000000000001,5.26e-06,0.256,0.9470000000000001,119.29,1.97
1albHYDB48jL8MuV75ffPA,0.40299999999999997,0.14300000000000002,4,-18.49,0.0351,0.89,0.000231,0.0997,0.513,90.23,3.75
4IBqtixfYBrw4woH1ssYxA,0.46,0.275,11,-13.538,0.0458,0.8740000000000001,0.0,0.114,0.478,168.363,3.98
6qMUnzlt6ELNmYqbxXtEpP,0.612,0.142,5,-19.155,0.037000000000000005,0.95,0.11199999999999999,0.106,0.36200000000000004,105.45700000000001,3.61
45xWBubNgQp0IIaiQAlt1I,0.55,0.13699999999999998,1,-17.223,0.040999999999999995,0.96,0.00015,0.10800000000000001,0.44799999999999995,98.54700000000001,2.6
1Vzgr8q0YRNpj5bk89YB6y,0.529,0.22699999999999998,4,-15.95,0.0328,0.9790000000000001,0.00339,0.0889,0.47700000000000004,108.346,4.5
52vA3CYKZqZVdQnzRrdZt6,0.389,0.396,7,-7.999,0.0332,0.887,0.0,0.0828,0.585,171.86,3.2
5nbNWAfT1S6V1vqj3snHxS,0.5720000000000001,0.302,7,-8.573,0.0286,0.743,0.0,0.125,0.389,105.54,3.57
6QHYEZlm9wyfXfEM1vSu1P,0.615,0.114,8,-17.285,0.0357,0.9259999999999999,4e-06,0.166,0.401,101.189,4.62
3Si9u9FVlUTcUXVcawnstJ,0.6829999999999999,0.312,3,-13.588,0.0371,0.912,0.000123,0.0996,0.519,111.46799999999999,5.04
5ATUmaVJWUTTagmPwQLck3,0.475,0.115,0,-16.284000000000002,0.0339,0.785,0.007940000000000001,0.12,0.25,103.75299999999999,2.63
5zOiSgAZJhikocvA3KdSpX,0.36700000000000005,0.415,7,-8.857000000000001,0.043,0.61,0.0,0.0804,0.402,180.706,7.18
5hBOEqqkcQaUgkRhh6EyX4,0.47,0.222,0,-12.352,0.040999999999999995,0.725,0.0,0.22,0.29100000000000004,116.48700000000001,7.07
6j1fiAG1NFBqPDRfJY19Yv,0.523,0.177,4,-12.411,0.0395,0.884,0.0,0.276,0.23600000000000002,140.116,5.74
7hMhO4oenpVkVaM5bNkEbz,0.58,0.42100000000000004,2,-9.161,0.0315,0.867,0.0,0.205,0.34700000000000003,114.725,3.24
2bCFKT7w3wwGfCV3cjrjqi,0.44299999999999995,0.446,3,-8.226,0.0326,0.6729999999999999,0.0,0.099,0.34299999999999997,146.681,4.39
2JcAqr3fUWIFZWPa9rjkwm,0.327,0.434,9,-7.007000000000001,0.0318,0.7929999999999999,0.0,0.0942,0.34299999999999997,178.53900000000002,4.1
3cY8cOjaN8Lwi08g9Fpr6D,0.626,0.142,10,-17.197,0.0371,0.958,1.81e-06,0.105,0.604,83.139,4.51
6lib77q4koq52srysevRfT,0.5710000000000001,0.207,9,-12.472000000000001,0.0442,0.816,0.0,0.121,0.649,86.395,3.49
70yzmEXaSuyddduotWyeZf,0.474,0.341,0,-8.877,0.0554,0.769,0.0,0.0878,0.32899999999999996,165.40599999999998,3.88
1LGmxVTktSQBIpKPymNrWl,0.48,0.122,4,-15.867,0.035,0.898,0.0,0.102,0.284,101.611,5.54
1FtJgaely2X7NKul8bDJ3W,0.524,0.5539999999999999,2,-6.954,0.0499,0.654,0.0,0.14300000000000002,0.67,132.8,4.39
7wBSzVinxbRiMUu7ooY1jT,0.589,0.368,7,-9.107999999999999,0.0339,0.7490000000000001,0.0,0.0797,0.32899999999999996,110.495,2.43
0ioneAuNJzdZmKCOi9XaYN,0.708,0.5379999999999999,7,-7.252000000000001,0.0431,0.773,0.0,0.11,0.7140000000000001,108.165,4.56
6Ri6RAHuKsfA0M0inFXFjO,0.529,0.266,2,-10.450999999999999,0.0415,0.633,0.0,0.10400000000000001,0.223,125.337,8.29
7sdOnjHtBhnFI5otzMaKWh,0.6659999999999999,0.486,7,-6.981,0.040999999999999995,0.8440000000000001,0.0,0.0401,0.7020000000000001,104.31,4.81
4LIqZhC3uSlyaXIWsPBgZg,0.498,0.535,7,-7.794,0.0291,0.895,0.000341,0.221,0.631,115.10799999999999,3.25
3AhXZa8sUQht0UEdBJgpGc,0.483,0.721,0,-6.836,0.032,0.7290000000000001,0.0,0.18899999999999997,0.562,95.26100000000001,6.16
3RkQ3UwOyPqpIiIvGVewuU,0.39,0.31,5,-14.545,0.0676,0.794,0.0,0.379,0.584,177.515,5.51
6k9DUKMJpWvu6eFG3O64Lg,0.5760000000000001,0.727,4,-9.972999999999999,0.05,0.7020000000000001,0.0,0.324,0.7509999999999999,173.854,2.35
0f5N14nB8xi0p3o4BlVvbx,0.473,0.574,11,-8.189,0.032,0.695,0.0,0.509,0.499,74.056,5.95
4EgKcG7aswxVfQEqa3dl8S,0.6990000000000001,0.19699999999999998,4,-14.792,0.0383,0.655,0.0,0.0716,0.361,122.87100000000001,4.2
5rGD8FFgHw74cp3RPhucyg,0.415,0.72,7,-11.177,0.0492,0.48100000000000004,0.0,0.185,0.619,176.785,3.91
5Oer8yskMaCGXwGSfM7xr9,0.6809999999999999,0.257,4,-15.347999999999999,0.0695,0.597,0.0,0.161,0.5660000000000001,115.867,7.48
4n1ZGm3TxYmoYe1YR8cMus,0.43200000000000005,0.605,4,-6.941,0.0306,0.6729999999999999,0.0,0.129,0.647,109.227,11.36
0c2DAekH6ZEnHhf8dM1leK,0.369,0.691,0,-6.234,0.0387,0.778,1.39e-05,0.327,0.382,104.37100000000001,5.46
6os5B6xjuke9YfBKH3tu1e,0.49,0.8079999999999999,10,-6.725,0.0409,0.475,0.0,0.23199999999999998,0.604,73.434,3.43
5JqsRFZYDtIK5Rgeuzd2Jv,0.504,0.8079999999999999,11,-7.25,0.0584,0.408,0.0,0.316,0.653,123.866,5.94
2yaf46YMxA5y6bzmWUKgXC,0.493,0.579,8,-7.742999999999999,0.0319,0.772,8.06e-05,0.0759,0.475,93.353,4.09
0V1771LhL3tG36pb55EZAH,0.49700000000000005,0.511,7,-8.318,0.0271,0.7020000000000001,0.0,0.262,0.591,99.5,5.46
2itBkHBUxGl4VfDj4HNyoD,0.7290000000000001,0.382,9,-14.07,0.0367,0.6990000000000001,0.0,0.152,0.637,112.179,2.78
2FDTgrYDUdQKyGmtynEk90,0.7020000000000001,0.56,4,-12.323,0.0342,0.5710000000000001,0.0,0.109,0.889,125.45200000000001,2.85
6txGFpco4cfgG1sA1MxLCp,0.287,0.72,0,-6.231,0.0347,0.7559999999999999,3.41e-06,0.263,0.7090000000000001,176.30200000000002,3.26
5ka7NFOlZUpVLJmA2tO0o4,0.6659999999999999,0.617,7,-10.850999999999999,0.0628,0.565,0.0,0.0498,0.764,105.648,6.5
0QWvnpH7daskoXwKa59xGT,0.655,0.71,9,-10.877,0.0281,0.7240000000000001,6.76e-06,0.13,0.8859999999999999,89.65799999999999,3.07
3K10pmwoFZt5N6ESWvDQkv,0.44,0.213,7,-14.978,0.0504,0.527,0.0,0.10300000000000001,0.433,181.322,5.67
1kvqv4axiWkxOdRz017sQZ,0.77,0.6459999999999999,9,-10.722999999999999,0.0684,0.57,0.0,0.13699999999999998,0.7829999999999999,118.771,2.59
1K8T6vUweZBde0SY9cBskD,0.5539999999999999,0.792,4,-8.461,0.129,0.157,0.0,0.263,0.816,171.16099999999997,2.63
38aaIrrmz7wEpAqWdx1dH2,0.557,0.16699999999999998,10,-13.734000000000002,0.0322,0.795,0.0,0.102,0.287,94.641,2.97
7tJQ4Ekp2vN3NlI3vJJW3v,0.509,0.68,5,-8.354,0.0372,0.36,0.0,0.0824,0.802,99.92399999999999,3.09
37Dl7jQMmt0gUnzTKqnjkN,0.563,0.441,4,-9.902000000000001,0.0437,0.773,0.0,0.35100000000000003,0.46799999999999997,115.16799999999999,4.84
2rslQV48gNv3r9pPrQFPW1,0.59,0.484,9,-10.424000000000001,0.0339,0.321,0.0,0.0625,0.652,93.428,7.52
7BkAlVpGwXXl3sYNn5OoJ7,0.556,0.5920000000000001,5,-7.377999999999999,0.0337,0.45799999999999996,0.0,0.0637,0.5870000000000001,94.887,4.57
1NYTj6JEw3IOh4ggiBh82h,0.466,0.747,9,-9.882,0.0473,0.301,0.0,0.12,0.628,135.52700000000002,7.06
4jdtLLyEL7wY0TlCdMKhxq,0.301,0.385,2,-10.755,0.0323,0.604,0.0,0.0799,0.275,171.83599999999998,11.32
40GFPBolcy0yucApV9uxq2,0.431,0.626,5,-9.46,0.0319,0.547,6.14e-05,0.364,0.762,96.494,4.87
5tunHW5QU8lEixJw3UfDJd,0.45399999999999996,0.184,5,-15.969000000000001,0.0399,0.785,0.00067,0.6829999999999999,0.10800000000000001,146.037,5.87
5ZgZhzQGCqVwPydT4CkH0W,0.162,0.867,0,-7.18,0.092,0.256,3.37e-05,0.682,0.499,174.851,8.42
4i4oDSWluhViEzuYIZYtmJ,0.365,0.508,4,-12.103,0.0319,0.0793,4.04e-05,0.15,0.623,155.741,4.54
6aeOSY6fPsvGTzyXi65pNY,0.5720000000000001,0.5920000000000001,2,-8.639,0.0322,0.304,1.12e-06,0.106,0.968,97.475,3.94
31ODz5GcoM8tNYHblnjp4S,0.54,0.47700000000000004,7,-8.588,0.031,0.932,0.9159999999999999,0.273,0.342,107.727,3.05
2SbnSPLltgmScvZVI0OcRF,0.598,0.885,7,-6.904,0.035,0.579,0.0,0.348,0.96,111.89,3.45
2qTvEdNY21mL9whUJot9Oc,0.49200000000000005,0.6459999999999999,2,-7.702000000000001,0.0432,0.6859999999999999,0.000153,0.37200000000000005,0.693,104.39399999999999,3.8
08TyPDbQ14NOoOWh13WJ2Z,0.565,0.738,2,-7.526,0.03,0.223,0.0,0.111,0.8059999999999999,134.109,4.9
1HgFg4pCJO1tX1uh5NMALx,0.36700000000000005,0.392,7,-9.745,0.0319,0.249,0.0,0.105,0.43,121.661,5.01
74z9AsqO74WCnX3BlvbGAL,0.35200000000000004,0.856,2,-7.132000000000001,0.0642,0.29600000000000004,3.75e-06,0.068,0.7040000000000001,189.84599999999998,3.55
3MHwnlgUI6R1wSamJ60Mi2,0.289,0.902,2,-8.442,0.13699999999999998,0.263,0.0049700000000000005,0.584,0.335,136.304,3.72
0Fnb2pfBfu0ka33d6Yki17,0.581,0.41,1,-12.617,0.0303,0.475,2.0399999999999998e-05,0.0746,0.6970000000000001,129.175,2.52
032kwZ9kg4yIaIPBOOIwlm,0.512,0.23,0,-16.412,0.0301,0.45399999999999996,0.000139,0.0508,0.457,127.56700000000001,2.66
1XXHPSNbmHgi8EJvO3yGyd,0.48100000000000004,0.37200000000000005,0,-14.03,0.0576,0.8109999999999999,0.0,0.0908,0.335,150.764,5.54
2040FzW1ywVMnNJAMPoXZn,0.67,0.35200000000000004,4,-13.892000000000001,0.0368,0.124,9.22e-05,0.0649,0.87,131.138,2.82
0wfBooQ6QtDm63UIyIcDIj,0.579,0.479,5,-10.347999999999999,0.0294,0.20600000000000002,0.0021100000000000003,0.163,0.937,135.459,2.95
1cbLvt7UrsbVnljXttWUip,0.41100000000000003,0.282,5,-12.909,0.0462,0.626,2.07e-06,0.0939,0.5539999999999999,176.19099999999997,3.88
41ev75JtScZeRGHQ19O6BG,0.637,0.535,9,-12.668,0.0342,0.493,3.17e-05,0.262,0.8420000000000001,132.458,2.77
4xhHhecO7i0jEySdGKQMWp,0.429,0.225,2,-15.342,0.0396,0.617,6.03e-06,0.11199999999999999,0.457,238.895,3.25
2eyszNMdxZtteBRCN1uL4j,0.494,0.16699999999999998,5,-15.389000000000001,0.0331,0.44,0.000204,0.12300000000000001,0.366,128.684,4.22
49pZlXa9pZ6N0j6O4xduoC,0.617,0.28300000000000003,7,-13.367,0.0331,0.107,0.00020899999999999998,0.15,0.469,119.204,3.35
0aVlO5bvmxjz6ep7rUs9y2,0.6559999999999999,0.486,11,-12.536,0.0452,0.649,0.000452,0.128,0.8859999999999999,90.881,2.35
0ZVzXE6cLLNshh4oMDoySI,0.436,0.419,2,-10.272,0.0297,0.43200000000000005,0.0,0.0759,0.831,170.03400000000002,2.04
4uYwlMp841PLJmj1gJJwIq,0.52,0.179,11,-21.976,0.0454,0.35600000000000004,0.00344,0.131,0.40700000000000003,155.746,3.28
3uHpPWsNDTpbbqedCRoaQU,0.583,0.38,7,-17.607,0.0482,0.376,0.00685,0.0676,0.529,81.892,3.35
2HXnjMxrO4QccqE3Grwmd0,0.47600000000000003,0.19399999999999998,0,-20.311,0.0335,0.603,0.0135,0.23,0.371,145.945,2.38
7CuCP5OoLH77hJTibZQE4r,0.7070000000000001,0.326,9,-19.686,0.0541,0.614,3.06e-05,0.365,0.7879999999999999,122.948,2.13
7tem1vYGSIuBE59Q8aP7Yc,0.601,0.294,5,-20.909000000000002,0.0313,0.809,0.499,0.129,0.779,87.03399999999999,2.67
716TKYoyVXFrXjz3rHwajp,0.544,0.376,0,-22.38,0.033,0.314,0.7979999999999999,0.161,0.732,121.264,3.19
3v55o86xGDEiZCLioTrmy5,0.39399999999999996,0.32299999999999995,0,-19.551,0.059000000000000004,0.72,0.00548,0.17300000000000001,0.733,178.083,2.35
2YehU3jLpb9bM5V6k8HmyA,0.723,0.5329999999999999,9,-17.939,0.0557,0.639,0.00037,0.23,0.68,99.079,1.6
2P1jghKUruf3SDVNj910KC,0.628,0.297,5,-20.272000000000002,0.0548,0.7609999999999999,6.87e-05,0.125,0.738,122.98899999999999,2.0
7xRemq7GLu0Tbqe9OckG87,0.419,0.517,8,-9.368,0.0284,0.532,0.0251,0.0785,0.905,145.109,3.1
0bTY3EvTFLdPALso8E7Eyq,0.6629999999999999,0.593,9,-8.616,0.0322,0.45399999999999996,0.0453,0.226,0.884,139.481,2.68
00cs7mlkTcIIoWnm8G0U0l,0.40700000000000003,0.47,0,-8.64,0.037000000000000005,0.755,0.0216,0.0976,0.22699999999999998,138.471,3.14
0cpTK1S7dSmnsTA1Xm0BcR,0.444,0.226,11,-13.809000000000001,0.0323,0.981,0.09300000000000001,0.138,0.32899999999999996,147.303,3.68
1FIrnH3Dme6EyYNnd96svn,0.639,0.51,2,-9.95,0.032,0.607,0.000433,0.275,0.62,132.53,3.94
4nBjbqj7nKd7Rsa7HJ3VtX,0.335,0.205,0,-10.869000000000002,0.032,0.9390000000000001,6.25e-05,0.10400000000000001,0.254,135.725,3.22
7MhyRgvUWh6qkVubruEGUY,0.585,0.45399999999999996,10,-9.177,0.068,0.728,6.32e-05,0.0824,0.685,76.51,2.82
5xStgjsb9BdVCHVTAHKwYs,0.382,0.528,1,-8.977,0.0613,0.21600000000000003,2.8999999999999997e-05,0.0922,0.706,179.7,3.98
6HSXNV0b4M4cLJ7ljgVVeh,0.513,0.396,7,-13.061,0.0299,0.251,0.177,0.11,0.22899999999999998,140.208,2.5
3JeSmJwvbQkIqcZ0LM46wm,0.47100000000000003,0.32799999999999996,7,-13.049000000000001,0.0268,0.287,0.00218,0.0833,0.537,129.97799999999998,3.88
0h1HflWtF5FuOhO9qaQobT,0.639,0.264,7,-18.802,0.0425,0.732,0.755,0.0522,0.433,125.458,6.04
4yWl0tnEanf3zmZzl9kbQn,0.488,0.493,2,-9.878,0.0464,0.255,0.000181,0.102,0.389,135.093,4.94
1C4yOUEjCUyPkxRDwwFksG,0.637,0.763,8,-7.572,0.11,0.66,0.00286,0.18100000000000002,0.9,95.999,2.81
3PpXLSjQPRTYWaTb5J4KUU,0.5710000000000001,0.36700000000000005,9,-9.767000000000001,0.03,0.7859999999999999,0.0,0.285,0.509,91.96,4.71
6Vcwr9tb3ZLO63F8DL8cqu,0.42100000000000004,0.6609999999999999,9,-13.126,0.0433,0.414,1.16e-06,0.0962,0.5539999999999999,100.965,5.69
3y4Uza6K58JXQ7RYya8ZI5,0.486,0.24100000000000002,4,-17.337,0.0366,0.413,3.5100000000000006e-05,0.0928,0.614,106.574,5.02
3wAX3qn53iQUFE84hpfeen,0.409,0.264,4,-16.273,0.0363,0.665,0.00016,0.102,0.355,137.16,4.28
5eVjE8FDSDXQLSbTZSA5Qv,0.514,0.23399999999999999,4,-18.245,0.0328,0.539,0.0025399999999999997,0.109,0.45399999999999996,173.644,3.39
3xNO6JUk9ySYjxuqzcZYRB,0.38299999999999995,0.22399999999999998,2,-16.99,0.0274,0.768,0.0,0.087,0.466,102.94,4.8
53ygARQf1f30Z0EmXPHWGT,0.555,0.467,9,-14.698,0.0443,0.0809,0.000983,0.0707,0.591,145.268,4.32
64MISVB9IIchhOKmWHftoz,0.43700000000000006,0.381,9,-15.015999999999998,0.0433,0.512,0.00010400000000000001,0.0984,0.698,109.74,2.91
4ukHl5HFRNARRnIWc4Oj83,0.597,0.308,7,-16.527,0.0452,0.795,4.03e-05,0.0469,0.413,75.414,4.54
1nbGN4N63uCQq0pCIs3kIf,0.431,0.5429999999999999,7,-12.507,0.0488,0.354,8.98e-05,0.106,0.619,157.384,7.79
4MKun9QQhoapVvhp2uxJif,0.457,0.665,2,-13.722000000000001,0.0821,0.414,0.0,0.0948,0.667,126.33,8.85
1jOnslXvQ4cGIwsHtIDJrp,0.392,0.573,4,-8.201,0.0577,0.0931,0.0,0.963,0.38299999999999995,177.06799999999998,4.49
5WeQHNrOlxBv9NZTrz6xgE,0.5710000000000001,0.591,7,-8.566,0.0355,0.353,0.0,0.23399999999999999,0.609,116.29,2.71
1lqMLr9Wj7SM2F9AikGcxN,0.509,0.8270000000000001,0,-7.715,0.079,0.0409,0.0,0.12,0.743,135.601,8.55
4WOruM7TiQSETsWYy8bDSX,0.531,0.473,9,-9.477,0.0305,0.16699999999999998,2e-06,0.0899,0.306,139.17600000000002,3.75
5j216bw8PG0EcIdfu92k4l,0.515,0.7170000000000001,3,-7.142,0.0343,0.126,0.0,0.18600000000000003,0.883,147.95600000000002,6.97
4WbP5AjT2RFb3paBBD2BRM,0.43200000000000005,0.504,4,-8.997,0.0382,0.36,0.0,0.0799,0.276,156.278,5.52
1gpQMd0R3blMSn8vhXU0Uu,0.726,0.863,7,-8.191,0.0293,0.0451,0.000153,0.109,0.821,127.68,3.01
1OT1G66Lt9EpKFWkwK8i9z,0.326,0.542,2,-7.782,0.0323,0.233,0.0,0.386,0.58,168.949,5.74
4JtK4KieKw8mlPAIX4ODht,0.58,0.391,7,-9.756,0.0295,0.0249,0.000153,0.175,0.408,123.12899999999999,4.03
2OqE96IZhnQ7uNunN6Opag,0.58,0.83,7,-7.943,0.0367,0.154,1.83e-05,0.165,0.8220000000000001,97.62100000000001,7.48
3sXLemtrtO6ygZF0G4OIwI,0.532,0.529,7,-10.402000000000001,0.0329,0.24100000000000002,0.00026000000000000003,0.11599999999999999,0.445,116.814,11.09
2vVpjZxlSiqR5wr2YeZPB2,0.607,0.7170000000000001,5,-10.603,0.0371,0.17,4.55e-06,0.032,0.821,124.57600000000001,6.62
760420tYNmNjFgi8bWvbop,0.81,0.526,2,-9.627,0.0991,0.431,0.0,0.0841,0.8109999999999999,95.23,5.41
7aZjExRehKGrH6vZ3MNXlq,0.736,0.703,3,-8.469,0.0386,0.115,1.7199999999999998e-05,0.107,0.812,122.575,6.5
5mGq3cybgQDZgTEbu9ldV9,0.763,0.509,11,-11.139000000000001,0.0533,0.45799999999999996,0.000175,0.0799,0.965,94.376,4.45
6MfOFYmw1TD9QDFSu0TEN1,0.34,0.28300000000000003,3,-13.474,0.04,0.622,0.0,0.0684,0.281,172.22,6.19
6cuHkcRUqtQhtJ4sWCkd1q,0.664,0.65,10,-11.168,0.0444,0.23399999999999999,0.00028199999999999997,0.16,0.775,134.986,6.27
2KVrZKnaDbu9Ik9aMHe8J3,0.555,0.375,1,-11.308,0.0418,0.627,1.9600000000000002e-05,0.0751,0.48700000000000004,138.99200000000002,4.56
20KJVpD0MNRIunIjLzfOHJ,0.634,0.0379,7,-19.855999999999998,0.0362,0.805,0.0,0.0816,0.41700000000000004,87.2,5.12
5NtOAfnwkKo7eAGq7Uap3J,0.605,0.297,6,-12.527999999999999,0.0417,0.00889,0.000286,0.11599999999999999,0.0998,154.523,4.55
7wLzlhL0tb3GhPhnIz7IpQ,0.546,0.624,0,-9.418,0.0403,0.0699,0.32799999999999996,0.16899999999999998,0.266,146.435,5.07
32gGuJXlLJbKCk3MDfW53y,0.39299999999999996,0.41600000000000004,9,-13.243,0.0401,0.63,0.007909999999999999,0.986,0.512,163.60399999999998,5.81
6rfGPGghQL7SJmZPXprXIc,0.375,0.21899999999999997,1,-13.112,0.0288,0.78,0.00141,0.109,0.19699999999999998,143.447,3.52
1qbn6QrHG8XfnqVFKgNzKP,0.465,0.381,4,-14.195,0.0316,0.529,0.00835,0.111,0.22699999999999998,126.37200000000001,6.46
43H3q2NWT9LCuYS1B5IUvV,0.667,0.659,2,-4.9319999999999995,0.0298,0.113,0.0,0.325,0.575,89.12799999999999,3.39
2TF4UtYreqNbQ6Z9AccldU,0.621,0.41700000000000004,10,-6.941,0.0231,0.28800000000000003,0.0,0.11900000000000001,0.289,99.95299999999999,3.38
7snx7w5WZLHovS0xC45ZfP,0.626,0.44,10,-6.942,0.0232,0.331,0.0,0.146,0.259,99.962,3.41
1D4PL9B8gOg78jiHg3FvBb,0.617,0.741,2,-3.97,0.0311,0.131,0.0,0.0772,0.306,118.984,3.94
1GEBsLDvJGw7kviySRI6GX,0.687,0.745,6,-4.4319999999999995,0.0379,0.17800000000000002,1.59e-05,0.111,0.435,129.966,3.87
4pEZUytwBzha5Un6m3SCFf,0.436,0.7120000000000001,5,-3.6889999999999996,0.0329,0.0322,0.0,0.111,0.379,160.886,4.07
4kgTdThcDHfuDS2kKxB7Lc,0.687,0.7709999999999999,6,-4.4239999999999995,0.0384,0.16399999999999998,2.46e-05,0.11199999999999999,0.445,129.964,3.85
5hnJCRSo4pxRsaEwT9YusG,0.618,0.736,2,-3.937,0.0308,0.157,0.0,0.073,0.307,118.98200000000001,3.92
4QhjEJ2o6QNwpZGs51AmiY,0.58,0.35700000000000004,0,-8.082,0.027000000000000003,0.324,0.0,0.10099999999999999,0.212,92.598,3.92
15PRxID4aGtOncbffzgZXI,0.596,0.7090000000000001,5,-4.373,0.0275,0.04,0.0,0.304,0.474,100.02799999999999,4.05
6aQrB8kaWyaCj9RYB7Rh5L,0.55,0.64,7,-4.448,0.0266,0.0687,0.0,0.131,0.19699999999999998,95.48700000000001,4.92
5vyxXfD5gLlyPxGZMEjtmd,0.452,0.544,4,-5.422999999999999,0.0277,0.0631,5.33e-06,0.10400000000000001,0.158,133.042,3.2
67Io3gxHwfbUreBf114c0u,0.621,0.78,7,-2.9339999999999997,0.0297,0.0032700000000000003,4.55e-06,0.184,0.672,121.038,3.85
7k7BOXE4u6luKTwcLEAyrd,0.541,0.451,2,-6.522,0.027000000000000003,0.731,0.0,0.19699999999999998,0.33299999999999996,141.713,4.88
2jt90bYlYDg1lXYWES34LJ,0.546,0.809,4,-3.6210000000000004,0.040999999999999995,0.00487,0.00037200000000000004,0.0437,0.649,139.91,4.44
6FB3v4YcR57y4tXFcdxI1E,0.622,0.469,3,-6.797999999999999,0.0363,0.00454,2.25e-06,0.0335,0.679,77.01899999999999,3.66
0VwNdo84DaVYLIkbVO86ND,0.628,0.6759999999999999,7,-5.9110000000000005,0.0916,0.00957,2.65e-05,0.121,0.75,85.984,3.22
6ce41JVa6KFaryfmC2bu2W,0.6609999999999999,0.7290000000000001,7,-6.561,0.0376,0.00215,0.0013,0.0477,0.6679999999999999,103.98700000000001,3.87
6GNRkaWUB0Lwc19SdkTgx8,0.602,0.609,0,-7.803,0.0243,0.0382,0.0002,0.128,0.337,93.06,5.49
3lKZf71jeNi14udIFPJ29V,0.622,0.469,3,-6.797999999999999,0.0363,0.00454,2.25e-06,0.0335,0.679,77.01899999999999,3.66
4yBEU0askBZzE2XEVdEwmx,0.602,0.8959999999999999,1,-4.2669999999999995,0.0437,0.0773,8.87e-05,0.0911,0.6409999999999999,124.978,3.72
6kISMRfweKSvgHR0urMQFG,0.628,0.6759999999999999,7,-5.9110000000000005,0.0916,0.00957,2.65e-05,0.121,0.75,85.984,3.22
7gJtmLyPTwKzhGzMBXtuXH,0.602,0.8959999999999999,1,-4.2669999999999995,0.0437,0.0773,8.87e-05,0.0911,0.6409999999999999,124.978,3.72
3WC5CVAahvn98hiseoIvbw,0.6609999999999999,0.7290000000000001,7,-6.561,0.0376,0.00215,0.0013,0.0477,0.6679999999999999,103.98700000000001,3.87
1u8c2t2Cy7UBoG4ArRcF5g,0.76,0.703,5,-5.412000000000001,0.054000000000000006,0.10300000000000001,0.0,0.0913,0.57,95.99700000000001,3.86
0cqRj7pUJDkTCEsJkx8snD,0.647,0.8,7,-5.3839999999999995,0.165,0.0647,0.0,0.33399999999999996,0.9420000000000001,160.078,3.65
3fVnlF4pGqWI9flVENcT28,0.5529999999999999,0.664,8,-7.417000000000001,0.0741,0.0709,0.0056,0.106,0.467,140.06,3.67
0ug5NqcwcFR2xrfTkc7k8e,0.588,0.7909999999999999,7,-5.595,0.0402,0.00245,0.0025800000000000003,0.11800000000000001,0.48700000000000004,94.93299999999999,3.85
0TvQLMecTE8utzoNmvXRbK,0.652,0.802,7,-6.114,0.18100000000000002,0.0871,6.45e-06,0.14800000000000002,0.295,170.157,3.53
2ls70nUDfjzm1lSRDuKxmw,0.752,0.6779999999999999,5,-5.421,0.0646,0.085,1.64e-06,0.13,0.583,96.009,3.86
0qUnBLZ8bJqUNEeQgayL9t,0.5529999999999999,0.841,7,-6.937,0.0396,0.000743,1.1900000000000001e-05,0.341,0.33799999999999997,92.008,3.93
0qAIiGFKLdV1xpNlEhjpq8,0.633,0.889,5,-5.87,0.0715,0.00463,0.000458,0.0658,0.584,121.956,3.84
10nqz67NQWWa7XPq7ycihi,0.7929999999999999,0.634,7,-4.8069999999999995,0.0324,0.038,1.76e-06,0.304,0.615,117.023,3.54
1NmVZsG18CzCAtw7rnV3yA,0.815,0.377,4,-7.754,0.0346,0.23199999999999998,0.0,0.1,0.21100000000000002,103.97,4.52
6NFyWDv5CjfwuzoCkw47Xf,0.75,0.40399999999999997,9,-10.177999999999999,0.0682,0.21600000000000003,0.000357,0.0911,0.0499,95.045,3.87
1P17dC1amhFzptugyAO7Il,0.7659999999999999,0.7090000000000001,9,-6.471,0.12300000000000001,0.204,1.4099999999999999e-05,0.126,0.506,128.07,3.53
0VE4kBnHJUgtMf0dy6DRmW,0.562,0.6890000000000001,2,-6.745,0.127,0.00465,2.23e-06,0.0888,0.35100000000000003,172.054,3.89
2yLa0QULdQr0qAIvVwN6B5,0.613,0.764,2,-6.5089999999999995,0.136,0.0527,0.0,0.19699999999999998,0.41700000000000004,160.015,3.47
4svZDCRz4cJoneBpjpx8DJ,0.696,0.602,0,-6.156000000000001,0.159,0.0679,2.11e-05,0.0696,0.305,82.98899999999999,3.97
1ZY1PqizIl78geGM4xWlEA,0.8,0.535,7,-6.684,0.135,0.0713,9.48e-06,0.213,0.451,92.027,3.49
1GwMQaZz6Au3QLDbjbMdme,0.598,0.504,9,-9.874,0.0731,0.18600000000000003,0.000221,0.34,0.252,163.954,3.39
6RRNNciQGZEXnqk8SQ9yv5,0.7709999999999999,0.6709999999999999,2,-5.617000000000001,0.0553,0.009290000000000001,0.0,0.0637,0.7140000000000001,85.02600000000001,2.86
1dGr1c8CrMLDpV6mPbImSI,0.359,0.5429999999999999,7,-7.582000000000001,0.0919,0.49200000000000005,1.58e-05,0.11800000000000001,0.45299999999999996,68.53399999999999,3.69
3RauEVgRgj1IuWdJ9fDs70,0.777,0.6579999999999999,0,-5.191,0.054000000000000006,0.0767,0.0,0.0901,0.633,110.04799999999999,3.17
1BxfuPKGuaTgP7aM0Bbdwr,0.552,0.7020000000000001,9,-5.707000000000001,0.157,0.11699999999999999,2.0600000000000003e-05,0.105,0.564,169.99400000000003,2.97
4y5bvROuBDPr5fuwXbIBZR,0.8109999999999999,0.7190000000000001,9,-6.553,0.0497,0.0129,1.36e-05,0.0742,0.865,103.979,3.71
43rA71bccXFGD4C8GOpIlN,0.664,0.316,5,-10.345,0.519,0.298,2.03e-06,0.0812,0.541,92.875,2.84
0lx2cLdOt3piJbcaXIV74f,0.392,0.574,7,-9.195,0.17,0.833,0.00179,0.145,0.529,81.112,3.58
4R2kfaDFhslZEMJqAFNpdd,0.613,0.581,0,-8.588,0.0424,0.537,0.00034500000000000004,0.25,0.551,130.033,3.99
0sY6ZUTh4yoctD8VIXz339,0.462,0.24,0,-12.077,0.0377,0.92,0.0,0.113,0.32,171.31900000000002,4.07
3Uo7WG0vmLQ07WB4BDwy7D,0.392,0.579,7,-9.195,0.16399999999999998,0.835,0.00179,0.145,0.5489999999999999,80.961,3.58
0Jlcvv8IykzHaSmj49uNW8,0.777,0.35700000000000004,0,-6.942,0.0522,0.757,7.28e-06,0.10800000000000001,0.172,139.88299999999998,3.5
3hUxzQpSfdDqwM3ZTFQY0K,0.532,0.623,5,-9.208,0.0331,0.5379999999999999,7.28e-05,0.0925,0.40299999999999997,89.93700000000001,4.37
5BK0uqwY9DNfZ630STAEaq,0.512,0.462,9,-10.491,0.0408,0.83,0.166,0.121,0.353,112.05,3.09
2vt23ATfyP6rbwmymgnACl,0.495,0.534,4,-9.914,0.419,0.494,0.0,0.122,0.508,154.221,6.47
6ujWszc5JA5oAANs4KnrmI,0.38799999999999996,0.0348,8,-20.0,0.0362,0.978,8.33e-06,0.10300000000000001,0.353,169.312,5.79
2e1uRjUTVhilyQdlFLOuYo,0.579,0.406,7,-13.592,0.29600000000000004,0.627,0.000125,0.172,0.652,102.90899999999999,4.67
46NsJsu390fArqdafzEk7U,0.591,0.22699999999999998,7,-13.527000000000001,0.0871,0.925,0.00155,0.133,0.562,101.65700000000001,6.41
3eQiXp8TNEBuXepG7Iidqi,0.499,0.466,7,-11.225999999999999,0.257,0.845,0.000698,0.34299999999999997,0.555,105.484,5.74
7c7g0REAgYXSA8pFLtVoHA,0.42700000000000005,0.298,7,-15.065999999999999,0.0458,0.78,0.000985,0.135,0.214,98.04700000000001,5.96
49mh4Sb9rSwaIcrasmfI8a,0.6459999999999999,0.302,4,-17.055999999999997,0.0484,0.28600000000000003,0.0007610000000000001,0.179,0.389,99.882,7.18
2JmjVXB5O0SQdNbnahcM9j,0.627,0.237,5,-15.515999999999998,0.0423,0.866,0.000341,0.195,0.636,114.486,3.72
2ptRToH2MrfmeFctB54XxF,0.508,0.55,7,-11.914000000000001,0.151,0.382,5.5e-05,0.688,0.617,104.736,1.96
1sNxivrg2dpxsPMdUZf6Lc,0.5820000000000001,0.589,2,-9.675,0.0308,0.0559,1.63e-05,0.12300000000000001,0.922,130.892,5.01
39DlEXDfwphgt2mUogrmuh,0.6,0.35200000000000004,4,-12.058,0.0332,0.625,0.0,0.10099999999999999,0.675,125.699,3.16
3Zf2D7MAuPiTfwEl7kXw9J,0.588,0.203,0,-12.575999999999999,0.0329,0.888,4.93e-06,0.21899999999999997,0.632,82.125,4.17
4QSPYY4o2PmFiTQ20Fbvni,0.265,0.37,9,-11.357000000000001,0.0328,0.9279999999999999,0.004220000000000001,0.129,0.38,65.965,3.39
2dHaijfyC8eZQjgony4kiD,0.517,0.301,5,-10.247,0.0279,0.943,0.00256,0.268,0.684,98.406,1.53
5sN6wOIayxsoY6BazbVPPo,0.45299999999999996,0.5479999999999999,0,-10.402999999999999,0.038,0.523,0.000188,0.596,0.45399999999999996,139.384,5.54
5jZLCVKppwm7dGxvb68fTW,0.637,0.494,2,-9.585,0.0376,0.532,9.51e-05,0.0751,0.626,119.337,3.44
0oID5GDN1VxgvIbeejuG1U,0.56,0.785,5,-7.611000000000001,0.12,0.45,0.0,0.145,0.9329999999999999,138.778,2.96
2otxmLJLxYQPVq0FYIUd34,0.5920000000000001,0.467,4,-7.38,0.0467,0.4,0.0,0.292,0.517,119.23,2.52
1XlPwEbjUmRMcRBldrYzNX,0.33299999999999996,0.975,9,-5.816,0.11599999999999999,0.0422,3.5799999999999996e-05,0.973,0.73,133.334,5.27
02Dkg9KisMTISWEBK5AKMk,0.599,0.5579999999999999,2,-9.163,0.0526,0.359,1.3e-06,0.217,0.8420000000000001,164.34400000000002,5.97
4tydYnfKxh4I6vcNb3jnqo,0.62,0.7709999999999999,2,-7.614,0.0298,0.168,0.0765,0.687,0.887,144.131,3.96
6FBaIl4oCg3kUG3YNu7FrM,0.7909999999999999,0.512,6,-13.309000000000001,0.0733,0.535,6.24e-06,0.11900000000000001,0.599,98.884,3.88
6SsoX9VSygEAcIzSzPKOea,0.588,0.353,9,-12.780999999999999,0.0438,0.44,8.47e-06,0.0425,0.24,141.417,5.15
4gE7FaS7lkB44bqWkbJejw,0.684,0.37200000000000005,7,-13.577,0.057,0.0317,0.0,0.0862,0.529,80.75399999999999,5.21
6GjmlZzBt2FHgLL1x3VMc5,0.743,0.27399999999999997,6,-13.017000000000001,0.0407,0.324,5.34e-06,0.12,0.664,125.895,3.56
1TcaA7LukgnPWZMtQpo3hN,0.562,0.513,0,-10.482000000000001,0.0423,0.168,0.0,0.433,0.628,87.48899999999999,5.93
1pJdqFpw52UQpItDRMoca3,0.46299999999999997,0.158,1,-15.992,0.0317,0.838,1.01e-05,0.0845,0.442,157.66,5.86
0aD0Ec4Wm1tiAPr8gSN3RZ,0.629,0.259,9,-16.128,0.0396,0.843,0.005220000000000001,0.653,0.307,87.495,3.16
7DQmwd7zye9xvzMQJnD8S8,0.574,0.499,0,-6.462000000000001,0.0254,0.601,0.0,0.12300000000000001,0.447,76.0,3.91
5l6GqSxplqnZbLg0LTPQeG,0.517,0.606,2,-5.797000000000001,0.0289,0.0202,0.0,0.324,0.29600000000000004,141.929,4.88
0PWgAyoxsjwGRuFSO0fyya,0.519,0.917,11,-3.185,0.0887,0.0167,2.0600000000000003e-05,0.359,0.652,145.882,3.62
0KztjtD3ytzgYjUKIVfBnW,0.57,0.747,4,-3.978,0.0426,0.445,0.0,0.21899999999999997,0.8079999999999999,164.00400000000002,3.96
04S1pkp1VaIqjg8zZqknR5,0.535,0.618,8,-3.9130000000000003,0.0273,0.0716,0.000388,0.16899999999999998,0.228,81.975,5.87
3K2es3gElMRJ3qvmPW442g,0.583,0.46799999999999997,4,-5.377999999999999,0.0278,0.183,1.65e-06,0.111,0.126,119.375,6.73
46NGAvL695VnbcSeTmQWmM,0.608,0.785,5,-2.9760000000000004,0.0311,0.0387,0.0,0.158,0.376,114.985,4.35
4uoyvFGK43Of4v9tj0moxC,0.53,0.526,7,-8.349,0.0263,0.19899999999999998,3.52e-06,0.14,0.32299999999999995,79.025,3.99
4NNolUeL5m2ju7kf8pdg6H,0.602,0.735,5,-5.778,0.0337,0.00196,4.77e-05,0.105,0.47200000000000003,96.969,3.22
6q9rNSvE59IVT3ZlEorvYb,0.518,0.42200000000000004,6,-12.972000000000001,0.0282,0.737,0.0,0.134,0.6729999999999999,109.398,3.89
6oVxXO5oQ4pTpO8RSnkzvv,0.7190000000000001,0.469,0,-8.792,0.0533,0.0329,0.0,0.16899999999999998,0.0851,120.085,3.84
7I7JbDv63ZJJsSi24DyJrz,0.624,0.691,0,-6.686,0.196,0.0604,1.1e-05,0.138,0.284,160.024,3.53
7HuBDWi18s4aJM8UFnNheH,0.675,0.703,0,-7.902,0.0382,0.00882,2.21e-06,0.0391,0.314,110.01,3.57
6h8laPks98zPizQ5qahy40,0.32899999999999996,0.389,0,-12.425,0.0384,0.91,0.0131,0.114,0.49200000000000005,50.166000000000004,2.38
0J2CxlVvgNqAvO3SxwKHUm,0.498,0.276,8,-13.661,0.0348,0.9279999999999999,0.000534,0.0913,0.44299999999999995,134.67,2.59
3NKCWBT2uKp8rxSkcvIrdX,0.605,0.8290000000000001,10,-4.993,0.0549,0.0907,0.0,0.106,0.514,128.012,3.76
7dXKdjpOaH2iwfFKmUj7aq,0.708,0.601,7,-3.75,0.0306,0.10099999999999999,0.0,0.0979,0.742,118.962,4.01
4A4A6dwl5DqdqrZaEtKGPR,0.55,0.688,8,-7.416,0.0897,0.0692,0.00144,0.106,0.465,139.997,3.67
5PNtzbMe7UsK1uUpdEWlZx,0.449,0.0692,9,-18.336,0.0358,0.867,7.699999999999999e-06,0.9790000000000001,0.35200000000000004,173.68599999999998,5.61
2X79iQGWHEtD1AaSx2j33k,0.67,0.281,2,-13.77,0.111,0.904,0.0,0.21600000000000003,0.8540000000000001,110.118,1.93
5ciVgodduAjUTbW6dzWv7b,0.528,0.406,0,-13.995999999999999,0.0474,0.301,0.24600000000000002,0.0864,0.37799999999999995,104.439,3.63
21LpuJa9M1boZw437fPu7M,0.435,0.29,9,-11.898,0.0315,0.802,1.58e-06,0.0728,0.59,140.898,4.99
7xoWNirfRGah4NCuEM9X3r,0.579,0.231,7,-12.181,0.0398,0.955,0.000951,0.359,0.612,110.839,5.57
7rUIuOknn6EOGs4Mv3Hyn2,0.602,0.759,7,-7.124,0.0382,0.222,8.01e-05,0.0553,0.7070000000000001,133.80200000000002,4.71
1epVIWOekLaPhio5WRCcsp,0.568,0.897,10,-9.476,0.0481,0.205,0.000136,0.848,0.79,110.469,5.43
1nuk1yTZO3zR8XB8Ofk9q3,0.662,0.8640000000000001,7,-2.08,0.0322,0.20199999999999999,0.0,0.0997,0.7909999999999999,105.60700000000001,2.92
2okho7vU7Nsq1UZD0kgIMi,0.598,0.7140000000000001,5,-4.397,0.0273,0.0364,1.04e-06,0.31,0.467,99.979,4.03
3CI1f4yLwdHzcUnH7o0Xyh,0.843,0.5529999999999999,6,-7.348,0.0317,0.168,2.66e-06,0.107,0.825,115.99700000000001,4.24
4ewAfHYpDTzpW1GKO44CVP,0.41200000000000003,0.682,7,-4.319,0.0339,0.0426,7.47e-05,0.106,0.146,203.959,5.3
4EUQXLipplO2v9mVaqQtjc,0.359,0.32899999999999996,10,-9.531,0.0293,0.581,3.75e-05,0.0979,0.20800000000000002,84.35799999999999,6.12
1eyqSYBCTane4rl4vc6PWJ,0.5670000000000001,0.48100000000000004,4,-7.357,0.027000000000000003,0.0173,4.13e-05,0.182,0.233,145.865,4.08
0b16LTzby1YRVd2nq2Z0fw,0.588,0.825,4,-5.882000000000001,0.0328,0.000197,0.0013800000000000002,0.0884,0.397,129.968,4.93
1CiVz2WkmZRwhU3A6J2Gjz,0.647,0.8,7,-5.3839999999999995,0.165,0.0647,0.0,0.33399999999999996,0.9420000000000001,160.078,3.65
3zwMVvkBe2qIKDObWgXw4N,0.581,0.619,10,-6.524,0.0282,0.769,0.000106,0.11699999999999999,0.645,137.915,4.08
3q23PUllNkb9nCVpIm7wMt,0.599,0.23,4,-14.097999999999999,0.033,0.87,0.0192,0.102,0.44799999999999995,95.23899999999999,6.8
1tHOB5irLyLE7Gtxb2x29Q,0.452,0.131,10,-12.770999999999999,0.0428,0.898,0.0,0.7120000000000001,0.39399999999999996,171.321,5.02
1gc4XWEz9rCheFyS3cQCEN,0.56,0.184,8,-17.374000000000002,0.0369,0.821,1.25e-06,0.44799999999999995,0.39299999999999996,120.044,2.36
2b0Nq2rj2kLMP1OrfzQSfd,0.515,0.0999,8,-16.289,0.0334,0.986,0.000213,0.14,0.33,93.25,3.12
1Ik4syR2SnsRjum1Em1NnI,0.36200000000000004,0.529,7,-9.833,0.0884,0.723,0.0,0.977,0.647,178.993,4.03
0smQY2FRe9tXIvyIoDHLtz,0.5379999999999999,0.289,9,-15.183,0.0306,0.8420000000000001,0.00518,0.32899999999999996,0.645,108.686,3.0
2jhjfGpaicxM2lFc25JZem,0.5489999999999999,0.121,2,-15.08,0.0383,0.988,0.0168,0.107,0.462,132.553,5.89
4COKka5bdUquMyb9xJctzZ,0.602,0.188,9,-20.319000000000003,0.0514,0.982,0.00539,0.141,0.526,96.09299999999999,1.59
00Oz0cJKKjQfEzwo9Rydau,0.606,0.207,7,-13.242,0.057,0.8859999999999999,0.0,0.204,0.436,114.456,3.85
2fmNB43s1WV8X6M9zrea0c,0.397,0.252,0,-16.669,0.0298,0.963,0.48,0.113,0.662,101.625,4.11
2pxN8zULE5Ourxx9oN9Km1,0.49,0.0803,7,-13.22,0.0522,0.945,0.0,0.0939,0.376,76.646,3.02
5rVedN4FIjWKjdpgQIG7Bv,0.589,0.314,7,-13.555,0.0367,0.8390000000000001,0.10400000000000001,0.5429999999999999,0.6,90.446,3.36
3uYpHGKo0gNoTrAuoSfA76,0.555,0.0565,2,-19.073,0.0513,0.885,0.0,0.16699999999999998,0.633,101.652,1.48
3xqdcCI9J1bjO1HaPjRxTi,0.615,0.0965,10,-15.977,0.0551,0.902,0.0,0.691,0.6409999999999999,139.812,4.24
7eXUTrl2yc5OoyPAzSIpy7,0.6809999999999999,0.203,2,-16.15,0.0686,0.924,0.0,0.122,0.5429999999999999,119.31200000000001,2.47
2sv21OR8rRO8su4Graprp6,0.415,0.256,3,-14.27,0.0753,0.9670000000000001,1.12e-06,0.11800000000000001,0.39899999999999997,204.28,3.74
5PsOHaZWGUuu3czKxBdU8Y,0.612,0.163,2,-16.183,0.0568,0.9940000000000001,0.0021100000000000003,0.10400000000000001,0.573,110.32600000000001,4.1
5sCFO2TNqUdNn6PbTcAI3L,0.518,0.24,0,-11.015,0.0426,0.8290000000000001,0.0,0.982,0.19,119.073,6.82
2K50XlOSgJTzsj82jQqnDU,0.594,0.162,8,-14.167,0.0488,0.9179999999999999,0.0,0.124,0.591,112.834,1.98
2QBUbz7bmi049Fm5pKF7mv,0.5760000000000001,0.231,4,-14.585,0.0478,0.853,0.000354,0.73,0.47600000000000003,107.67399999999999,6.03
2iuXehWtE0nAYwI604Wg2x,0.662,0.244,8,-15.322000000000001,0.0399,0.872,0.157,0.10400000000000001,0.5720000000000001,113.461,2.52
3MRlGb6gV9Tx1rDWfOB4bC,0.7120000000000001,0.191,0,-11.970999999999998,0.0401,0.972,0.0,0.11,0.183,105.61,2.91
5IrauJx70zx72c1xiZgzVq,0.425,0.111,0,-17.967,0.034,0.996,0.8320000000000001,0.11199999999999999,0.17300000000000001,73.758,3.58
4k8uAuKuKMbCkNlbucW787,0.607,0.349,0,-12.765999999999998,0.10300000000000001,0.5820000000000001,0.0,0.785,0.359,105.03399999999999,9.44
4coksFxESflWVCzoeeEGWS,0.377,0.773,7,-7.585,0.489,0.6890000000000001,0.0,0.961,0.601,189.997,3.49
79TU7Z00JCnoU7FPAGCF7Q,0.495,0.29100000000000004,2,-10.299000000000001,0.098,0.83,0.0,0.934,0.28,158.385,5.01
1CwiEbNy1Hm3aaEYBodrCB,0.522,0.384,3,-12.105,0.551,0.872,0.0,0.7959999999999999,0.473,177.377,3.69
3vcyuR1o2d4tqa0qzQyaoA,0.609,0.637,7,-7.9510000000000005,0.408,0.8059999999999999,0.0,0.91,0.493,120.295,2.71
6MXN9KdF0hUpwf7n1Wvqvp,0.589,0.36200000000000004,4,-11.317,0.226,0.7909999999999999,0.0,0.772,0.516,81.07,6.07
2Nh1iGPwV3V1OADqZ4j7u6,0.575,0.575,0,-9.437000000000001,0.0261,0.10800000000000001,2.15e-05,0.10800000000000001,0.6579999999999999,96.6,6.02
028SHraRh7DmChBfhU4LaD,0.38799999999999996,0.94,1,-7.978,0.0788,0.20199999999999999,0.00299,0.322,0.381,173.055,3.46
3NJBcn3b8NZ6WcZTrHnxKT,0.5870000000000001,0.239,7,-14.315999999999999,0.0333,0.8109999999999999,0.0,0.0674,0.245,130.129,5.46
5syfMAAcOElUUmS79bWVoA,0.603,0.35600000000000004,7,-12.235,0.03,0.32799999999999996,0.0,0.13,0.625,96.949,5.63
0NXJlDYsLnzGUd1yXUwHbl,0.639,0.41700000000000004,1,-12.825,0.0443,0.45899999999999996,0.0,0.188,0.431,97.375,4.13
6dBt5iFP4ifCfbkzNzMEkp,0.309,0.179,1,-16.183,0.0421,0.8440000000000001,1.83e-05,0.0728,0.369,210.386,1.99
0scC4tkQiPbwDK5t0F7fEw,0.542,0.732,3,-7.018,0.0418,0.37,0.0,0.325,0.674,141.408,3.48
1xaxMAZg6ukfrnblM4Vywq,0.607,0.5329999999999999,6,-9.837,0.0249,0.345,0.0,0.086,0.691,106.10600000000001,4.38
4wdeNL5mXZqqwtZZUjAxPt,0.48100000000000004,0.441,2,-10.32,0.0272,0.215,0.0,0.31,0.528,84.557,4.95
2a9Tk19vNrKaf30ubVIduB,0.433,0.452,8,-10.139,0.0251,0.6,9.33e-06,0.0806,0.377,94.53,5.33
4hkrnhR7zZnnsbSYMJ6546,0.353,0.368,9,-11.704,0.0783,0.578,1.4e-06,0.966,0.365,176.5,8.14
39vxZfWSglpaSqpHTKiaWR,0.617,0.233,9,-13.618,0.0292,0.884,2.79e-06,0.102,0.382,101.77,3.32
27ihjLGfySO5YPb8ZrD08o,0.414,0.428,1,-10.925,0.0324,0.29100000000000004,0.0,0.25,0.414,73.574,5.21
5NKD9kol9EgljwAJ6qe8rm,0.532,0.35700000000000004,9,-11.140999999999998,0.0315,0.7659999999999999,1.98e-06,0.298,0.39799999999999996,111.698,2.79
4yxFsxkFSXaRUnaySNVIuL,0.52,0.17,4,-14.017000000000001,0.0491,0.705,0.000127,0.10099999999999999,0.377,144.31799999999998,3.04
22AcnJdThFNonl3dPpb84M,0.45299999999999996,0.934,11,-7.074,0.27699999999999997,0.32299999999999995,1.72e-06,0.958,0.439,140.681,3.79
1CBR6p0Hv8UA21l0z5Z6Tw,0.562,0.9159999999999999,2,-7.933,0.138,0.17800000000000002,0.0,0.9840000000000001,0.634,136.369,5.32
3EV5hHDMLF4FRWtGF4xYuT,0.381,0.6759999999999999,4,-9.165,0.0546,0.336,0.0,0.7190000000000001,0.627,124.557,3.86
2IfygshcMSLVv8b6DbgIoK,0.419,0.9420000000000001,2,-6.252999999999999,0.14800000000000002,0.14300000000000002,1.7e-06,0.9740000000000001,0.715,177.479,5.19
1cigWAI69aQliu1CE15jZd,0.303,0.9009999999999999,9,-7.005,0.0504,0.16899999999999998,0.0567,0.903,0.5660000000000001,146.893,3.92
0703Xd7Z3EHAddRthFYi6v,0.478,0.409,0,-10.823,0.0328,0.614,0.0,0.968,0.306,135.19,5.66
1ZOIGgScfx7FdxHuad4dCT,0.457,0.868,0,-6.534,0.1,0.21,1.0300000000000001e-05,0.841,0.7240000000000001,174.02,5.43
6h4Yw4JdCZmUwlUQfJNXkz,0.535,0.941,0,-6.345,0.044000000000000004,0.0581,0.00441,0.99,0.6990000000000001,139.812,5.42
1BythdpR6CAZNT8ltjv6IT,0.371,0.7979999999999999,0,-5.184,0.0464,0.40700000000000003,0.4,0.188,0.603,131.776,4.31
22zSq2zWI8DRiqwp8PRJqM,0.39299999999999996,0.8059999999999999,0,-7.044,0.131,0.386,0.0,0.9940000000000001,0.6729999999999999,99.281,5.37
3kzUgsSqGf1TlGcfC8ZkeO,0.43799999999999994,0.812,2,-5.675,0.243,0.32899999999999996,0.0,0.0723,0.865,176.998,2.81
24RKOkbDctnfC7EtZmyJKA,0.506,0.6859999999999999,7,-6.785,0.0439,0.498,0.000616,0.0874,0.732,146.31799999999998,2.78
1CufFgKGnEUcqH2tZxnRUl,0.5479999999999999,0.607,1,-6.867000000000001,0.052000000000000005,0.818,7.69e-06,0.0497,0.8420000000000001,122.943,2.56
0cLIsPAhOM0KLViTi49HZQ,0.33,0.46399999999999997,7,-10.423,0.0285,0.278,1.1400000000000001e-05,0.968,0.47,91.02799999999999,5.27
1SM6tv9j3slJvzkoCFR896,0.47,0.958,9,-5.695,0.0817,0.191,0.0259,0.8490000000000001,0.40399999999999997,123.965,3.2
5jpEdHQL8kGxROtZkj4KXM,0.474,0.49700000000000005,10,-7.697,0.0367,0.77,0.022000000000000002,0.11699999999999999,0.716,142.595,2.82
1LRht5D1uQ2Qfqbehqrtt0,0.444,0.713,7,-8.411,0.0375,0.33,9.51e-06,0.9540000000000001,0.644,115.59100000000001,3.71
6nZTEFkBcjTGj4isbkAGmN,0.534,0.529,10,-11.071,0.0413,0.435,9.87e-05,0.11699999999999999,0.419,132.41,5.32
78tzwyjbBzcVLiThPll2c3,0.5820000000000001,0.534,2,-11.76,0.0267,0.14,0.00016299999999999998,0.174,0.7959999999999999,93.744,4.09
2OEprv1w32EyWC09FpHBeU,0.514,0.608,5,-7.189,0.0535,0.622,1.27e-06,0.748,0.861,161.88299999999998,4.66
1T5RNEH1ybjh0GdT5jGjfl,0.467,0.73,0,-6.945,0.0808,0.688,0.00148,0.684,0.875,78.048,5.14
132ZSnHdeb0wHa03IarUaA,0.41700000000000004,0.765,10,-7.355,0.0532,0.205,0.000166,0.0667,0.359,142.338,5.24
2zsEvCDvYJF2Jl0CoaXw2L,0.35700000000000004,0.828,9,-9.822000000000001,0.0565,0.536,0.0268,0.315,0.636,168.808,9.16
5HxaRsnKOw5kVzoTXK42gD,0.336,0.444,2,-11.534,0.0279,0.34600000000000003,0.0,0.158,0.598,164.84599999999998,4.53
1kHEuJRasudLhjvnbfc4yS,0.76,0.703,5,-5.412000000000001,0.054000000000000006,0.10300000000000001,0.0,0.0913,0.57,95.99700000000001,3.86
0UrMCbsMMDsX1GK3dA7lca,0.405,0.307,9,-10.009,0.0262,0.8270000000000001,0.000375,0.15,0.488,140.343,4.07
6gVfhIA3EEC8lFxqU8HPo8,0.634,0.105,9,-21.741,0.0424,0.9209999999999999,0.905,0.204,0.28600000000000003,127.03,2.89
5jR7az62F3VLf9NhtDB3qV,0.414,0.38299999999999995,5,-12.647,0.032,0.722,0.758,0.0657,0.33,133.14,5.35
4XmM5zJZgmAEM2jR4cnlHU,0.611,0.183,9,-15.285,0.0501,0.74,0.9179999999999999,0.141,0.606,135.952,1.46
368OHaaG7tnjVqD9hRIXhL,0.47100000000000003,0.32,4,-12.767999999999999,0.035,0.375,2.12e-05,0.0729,0.262,143.086,4.32
40L7ioTIvnDH42ugHaip7L,0.231,0.525,9,-6.938,0.0352,0.619,0.0,0.109,0.4,88.62700000000001,3.88
2gXvgBpMaDZRxctxbI3Zpc,0.493,0.574,9,-11.08,0.0313,0.252,2.71e-05,0.203,0.8290000000000001,80.256,4.49
1zRt6GwdqaRgFfABzz6xVc,0.516,0.523,0,-10.696,0.0429,0.253,0.0,0.0967,0.775,96.23899999999999,6.25
5htXjZuTCeSvBcSHuv79As,0.611,0.486,2,-8.158,0.149,0.19899999999999998,0.0006389999999999999,0.0371,0.9670000000000001,206.27599999999998,5.47
4CiCn1uQ4g2nDcunbk2mw7,0.823,0.516,7,-11.538,0.18100000000000002,0.326,1.59e-06,0.0767,0.9059999999999999,137.689,5.47
1YGDRTeHX3egkIxdLxlOxN,0.645,0.293,8,-12.253,0.0486,0.8390000000000001,0.0,0.0656,0.249,94.8,4.52
4rTdJYQ98IB5EOvKxz1Dm3,0.628,0.67,10,-10.440999999999999,0.0269,0.00882,6.92e-05,0.154,0.6609999999999999,100.756,6.53
5N1M5lueT7liCW7R4gaaMi,0.67,0.892,9,-7.9,0.04,0.07,0.0,0.0851,0.93,133.27,4.6
3v4h4wyAZe2pBQv6uK5KhP,0.5529999999999999,0.733,2,-8.405,0.0316,0.00798,4.6e-05,0.41700000000000004,0.8079999999999999,135.344,5.38
0LNxNfa5cbNrnK6KyhaQaj,0.612,0.81,11,-11.542,0.0574,0.145,0.0,0.289,0.759,104.926,5.35
0rtNK3yP7Inf9hl6C0znpe,0.375,0.324,1,-15.225999999999999,0.0308,0.258,1.36e-05,0.0721,0.408,148.19799999999998,4.21
55goY0nDYL9xbrsl3019RT,0.387,0.35700000000000004,0,-13.394,0.0285,0.0512,5.53e-06,0.161,0.20199999999999999,145.75,4.47
74KpujtKzOfwEXSfuPwfHq,0.36,0.595,9,-11.186,0.0397,0.348,0.0,0.255,0.59,143.247,11.06
65Ywa7EspM0tSZreKwOmnL,0.773,0.8029999999999999,11,-7.936,0.0589,0.00425,0.0151,0.0815,0.867,132.15,3.22
7IuEjrhTNqxzm3dcINDH7V,0.544,0.332,4,-12.231,0.0433,0.0084,0.000396,0.135,0.174,133.782,3.22
1Y3VFY4mkLqMIkqxC51p6l,0.428,0.336,1,-11.022,0.0384,0.748,4.32e-06,0.125,0.147,153.727,3.01
1512aL09grQ5uTesJB3GOi,0.637,0.9540000000000001,11,-9.289,0.0585,0.0372,0.0336,0.0835,0.49,100.536,3.81
412jKsXVbH1LJjHZXJoz4o,0.375,0.564,7,-9.458,0.0404,0.0269,0.000291,0.34299999999999997,0.32,183.516,2.55
0uRMGsSsX2KORS8jkB9Lwc,0.573,0.129,9,-15.325999999999999,0.0418,0.599,0.008,0.297,0.102,77.411,4.75
6j77oqpKyDbr7rtPsTAzSw,0.6829999999999999,0.37200000000000005,6,-12.995,0.157,0.0748,0.000785,0.0959,0.289,81.683,5.05
121VnjA0Q9CQOAr9CD8b3z,0.39399999999999996,0.214,1,-17.023,0.0477,0.23399999999999999,0.00286,0.113,0.132,104.09200000000001,3.73
4CyZpcjZdbAAD0J0EPSwmF,0.425,0.302,4,-13.035,0.04,0.45799999999999996,1.21e-06,0.12,0.46299999999999997,84.182,8.86
0T2kNwYw4Z7rhziNRNsjfO,0.47700000000000004,0.758,4,-3.889,0.0285,0.00983,0.0,0.203,0.53,167.935,4.07
1j6gmK6u4WNI33lMZ8dC1s,0.6679999999999999,0.672,2,-4.931,0.0303,0.111,0.0,0.32899999999999996,0.539,89.01100000000001,3.35
6CdaXOq1MWe2JHDalTG01d,0.47600000000000003,0.777,4,-3.7710000000000004,0.0289,0.0103,0.0,0.196,0.47200000000000003,167.96400000000003,4.04
4BYejINgfZF0qKDMEH2cim,0.6579999999999999,0.877,7,-2.0980000000000003,0.0323,0.17300000000000001,0.0,0.0962,0.821,105.586,2.88
3JhvYnOfKLJuWC7jEU0GmJ,0.45899999999999996,0.45899999999999996,6,-4.126,0.0275,0.13,2.3e-06,0.113,0.281,134.018,4.36
5Ora3Ish2A1JN5veGYTxhw,0.5589999999999999,0.636,7,-4.4,0.0263,0.0728,0.0,0.14400000000000002,0.214,95.485,4.91
7G6TDmGJXDoBaV6NGj3Yic,0.688,0.775,6,-4.436,0.0381,0.151,1.98e-05,0.10400000000000001,0.469,129.969,3.84
4x7Gxk2GfwZJcqpoVT1PbR,0.601,0.852,7,-3.096,0.0386,0.0606,3.41e-06,0.37,0.513,100.015,3.34
6WWvcA62QlnRguluWAk6bv,0.618,0.687,2,-5.737,0.0271,0.111,0.0,0.0693,0.82,79.991,3.95
13MAWVUSkbGMUi6I7RowRK,0.5920000000000001,0.16,9,-10.785,0.0347,0.852,0.0,0.11599999999999999,0.294,118.929,4.46
5xPsybHWRHbTYO44xnREY5,0.62,0.639,2,-5.398,0.0285,0.0186,0.00011,0.20600000000000002,0.34,119.055,3.9
6ovFJkdau79DuXEvQjPaNH,0.419,0.45399999999999996,5,-6.809,0.0335,0.0583,3.78e-06,0.0974,0.28800000000000003,200.017,5.18
3gFaNwyiafgUoQhR0pHYA9,0.5479999999999999,0.7559999999999999,5,-4.175,0.036000000000000004,0.00471,0.0,0.11699999999999999,0.22399999999999998,96.038,4.68
5yKB8qcTSflDercM2PXwot,0.585,0.34600000000000003,0,-8.014,0.0256,0.302,0.0,0.102,0.195,92.564,3.91
1yDJcXc549N6AabNBzFAku,0.47600000000000003,0.816,4,-4.279,0.0347,0.16899999999999998,0.0,0.23800000000000002,0.469,163.847,3.96
3JilapcaOXzjR9gtvCY8FO,0.715,0.308,2,-8.829,0.0305,0.8290000000000001,0.0,0.16,0.547,124.899,4.84
2YjKcFQ1vYFhQPgsmCOjss,0.434,0.9440000000000001,5,-2.641,0.0581,0.0769,0.0,0.151,0.361,162.02,4.03
0hK93KD6Y0j9giUGh4Valj,0.61,0.556,0,-7.369,0.0285,0.505,0.0,0.0851,0.192,159.838,3.97
1wVpMbItVdkJ0pmahPoPA2,0.621,0.78,7,-2.9339999999999997,0.0297,0.0032700000000000003,4.55e-06,0.184,0.672,121.038,3.85
3lXekiVK1ZPZbKconsys73,0.575,0.855,9,-4.827,0.0467,0.000315,0.00161,0.0419,0.84,139.92,4.43
3KmYVOuK2eG7LGP7qQ8DLR,0.627,0.816,4,-6.6979999999999995,0.0774,0.0162,0.0020800000000000003,0.0965,0.648,157.043,3.38
7nECwCDHS1JvQbrmuorZIH,0.7040000000000001,0.621,2,-8.086,0.0334,0.10099999999999999,4.2999999999999995e-06,0.14,0.395,109.995,4.05
0F2S1QlnMaOfmNHIgmES3k,0.7290000000000001,0.748,0,-6.67,0.0245,0.307,1.29e-06,0.0962,0.9279999999999999,99.98100000000001,3.43
5VQLMrWhailAhErKNUSnv1,0.706,0.499,4,-7.675,0.0369,0.0371,0.0,0.132,0.545,117.93700000000001,4.0
1gL4vMhDV3RgJQmDuY5HK1,0.649,0.777,9,-5.803999999999999,0.0406,0.0213,0.000335,0.21,0.5870000000000001,126.01799999999999,3.68
1n8rB9AhxiAvVP1E2c3yOd,0.483,0.5479999999999999,4,-6.291,0.0254,0.00471,2.01e-06,0.0997,0.217,79.926,3.73
2KrOAg6FftbjgSKdd2a4rS,0.474,0.48,2,-8.894,0.0622,0.7070000000000001,0.00010800000000000001,0.0903,0.319,170.109,4.45
6RvRzl1YJTDnUvdOtV21IK,0.42200000000000004,0.6920000000000001,3,-5.447,0.0549,0.0493,2.57e-05,0.177,0.19699999999999998,184.014,4.09
0fM9dEhUFV4MHDuJgrcfOv,0.765,0.6559999999999999,5,-6.112,0.0504,0.00364,0.00868,0.0918,0.545,119.99700000000001,4.13
4L560fic5PaTuCFm6CviKa,0.48100000000000004,0.435,4,-8.795,0.0321,0.6779999999999999,0.0,0.0928,0.107,143.95,4.17
5gRYrtvyVyaCRvLt56OfuV,0.653,0.893,0,-5.966,0.0538,0.0158,4.95e-05,0.102,0.513,118.035,3.46
71PmZqBXH0RUETqxpwlV0w,0.598,0.7859999999999999,2,-5.572,0.0382,0.00256,0.00143,0.11699999999999999,0.456,95.021,3.85
2TMJrLYSGo9ys1rD7sM9Bc,0.682,0.34299999999999997,4,-12.811,0.0552,0.725,0.0,0.147,0.67,116.75399999999999,3.61
662ex9GZMAMhDiRKI1J8m8,0.606,0.239,2,-16.131,0.0517,0.924,1.4499999999999998e-05,0.318,0.677,94.194,1.1
3tnX7NNixqZS44MM1O3WLM,0.667,0.182,7,-17.396,0.0568,0.687,0.0,0.0773,0.77,109.949,3.67
7or0LLIO1EGAzQHGLzjji3,0.499,0.342,2,-15.005,0.0377,0.602,1.3000000000000001e-05,0.19,0.721,160.77200000000002,2.51
2fAZaqL4y9XulS0QvW9EIV,0.45899999999999996,0.248,4,-14.280999999999999,0.0472,0.816,0.0,0.0955,0.552,183.977,4.37
34hwPjXb0er1tpK5A1sUUx,0.512,0.679,7,-8.395,0.47700000000000004,0.77,0.0,0.9670000000000001,0.65,142.689,3.37
0lFSvxTH7QFdqj7PwVHjmA,0.634,0.46299999999999997,5,-11.495999999999999,0.0321,0.21100000000000002,0.0,0.27,0.696,104.855,2.84
5WHjbsHb457EXQauDLwAqr,0.311,0.767,9,-9.176,0.046,0.09300000000000001,2.7699999999999996e-05,0.214,0.64,182.946,7.66
6Rtdhb7UyPiHCYiMw6q7dO,0.0985,0.9740000000000001,0,-5.511,0.45,0.44799999999999995,0.000601,0.973,0.214,175.31799999999998,8.03
0klEnXVXhlDdazlyGRb4is,0.43200000000000005,0.33899999999999997,9,-12.269,0.0383,0.647,0.0,0.36700000000000005,0.374,93.618,7.95
2uLcYzfSM0Ezpkksuv4dsk,0.691,0.332,5,-11.967,0.0359,0.805,0.0,0.141,0.768,121.613,2.23
3ZG8teGRiJnXRisQXPyvAs,0.515,0.6829999999999999,4,-11.177999999999999,0.0498,0.669,0.0,0.358,0.759,173.65,2.31
6AjDfUmoVgr26M0SFBPpIu,0.364,0.299,7,-12.489,0.0368,0.907,0.0,0.0648,0.588,172.547,3.23
0pwNr2GDj81anAEQaG2A76,0.51,0.539,5,-12.210999999999999,0.0369,0.289,0.000149,0.192,0.736,99.65299999999999,3.09
10h4jLQDg9XjIqTzttFfcj,0.599,0.40399999999999997,4,-13.229000000000001,0.0369,0.7829999999999999,6.64e-05,0.469,0.608,114.757,4.9
3QvnG3Jywu2OtWTe6O1QPL,0.556,0.546,5,-9.615,0.033,0.547,0.0,0.0785,0.6409999999999999,94.53399999999999,4.61
2f6M51XJLbvIDWvQEPHdnj,0.588,0.371,0,-11.867,0.0324,0.867,0.0108,0.168,0.623,127.82700000000001,3.63
4M1su6qn7t5FnyMukpCGzK,0.541,0.634,9,-7.612,0.0977,0.446,0.0,0.0358,0.6990000000000001,88.585,2.77
3QG2RBIbnsHAdwDXXhiYVG,0.445,0.192,7,-10.511,0.028999999999999998,0.768,0.0,0.129,0.364,138.566,3.56
3vi3lrRxKJs3UQ7n2mi7zR,0.489,0.315,0,-10.844000000000001,0.0319,0.8809999999999999,0.0,0.13,0.568,114.177,2.55
7oHyyRPF0xbySYYwiCWr90,0.617,0.555,9,-8.937000000000001,0.0486,0.7829999999999999,0.0,0.203,0.711,93.941,3.13
5OVboM6Sv9rfTgsH2PM7rC,0.531,0.439,7,-11.66,0.0349,0.562,0.00010700000000000001,0.215,0.6679999999999999,81.585,3.26
3UjmHv6ptod5AHBeyUFYyf,0.609,0.17600000000000002,0,-12.071,0.040999999999999995,0.85,4.0799999999999996e-05,0.157,0.359,157.65,3.22
2jxcuhCwXwFctVL1lnWtkJ,0.5479999999999999,0.843,1,-6.216,0.0305,0.703,0.759,0.161,0.971,140.631,2.15
78x0lA9TUtDRHAE8rIIsyz,0.628,0.35100000000000003,0,-13.177,0.0287,0.38299999999999995,0.0024,0.121,0.534,97.79,3.04
1LLWePORuf78aYlTpSsduc,0.48200000000000004,0.294,0,-9.664,0.0339,0.893,0.0,0.39,0.5429999999999999,107.11200000000001,2.78
33sjOTo0KW2w7D9jaUA2pg,0.444,0.183,10,-20.304000000000002,0.045,0.978,0.18,0.688,0.627,96.249,3.03
4FzjmZXggX5L2pro52kHeq,0.465,0.716,9,-10.927,0.0366,0.39899999999999997,0.000162,0.0872,0.537,115.4,3.78
13IzCtdrVF2W5oNwb1iSuA,0.402,0.262,8,-11.775,0.0392,0.909,2.84e-06,0.111,0.358,106.67200000000001,5.23
2cEVaJCrWIWTq7CgNgtHqQ,0.527,0.8690000000000001,11,-7.175,0.0874,0.527,3.31e-06,0.0735,0.8909999999999999,164.80599999999998,4.26
4gGkNMS9FSGOrEY9DLw9Is,0.57,0.763,9,-8.513,0.0514,0.665,0.00797,0.0829,0.895,118.008,2.88
0mhzu24T3SIwjXywRmZ1qF,0.34,0.986,7,-6.5760000000000005,0.33299999999999996,0.065,0.00462,0.975,0.223,129.342,4.26
0kgVPUuOKekmVLH7Fn08BB,0.358,0.92,9,-7.73,0.166,0.3,1.95e-06,0.722,0.514,150.887,4.6
5IxDmhavVKeGl1xig1DOZE,0.34700000000000003,0.9520000000000001,11,-6.705,0.381,0.0374,0.0,0.988,0.418,168.912,3.24
7dLdsnS0rQX3dB9jlp9SSv,0.43200000000000005,0.8190000000000001,0,-9.451,0.26899999999999996,0.444,4.85e-05,0.986,0.435,128.065,4.6
1bsyJmIrgFIIYzbZIYZ7Cr,0.324,0.9690000000000001,9,-7.284,0.384,0.099,4.14e-05,0.986,0.32299999999999995,145.975,3.33
45EwNhLS19bQGUFGdLkn7o,0.392,0.983,0,-5.436,0.207,0.12,1.73e-05,0.99,0.23399999999999999,103.616,7.15
3S3c2DmBhih5bOWciUPwLt,0.40299999999999997,0.565,9,-6.367000000000001,0.0329,0.124,0.0394,0.18899999999999997,0.35700000000000004,75.67399999999999,5.46
1jEnml0WRXCVbXEXaaYU6E,0.485,0.597,9,-8.352,0.0896,0.0911,5.05e-05,0.884,0.578,137.749,4.25
0uEsdzuTnMStk8Y0gSN6mE,0.461,0.953,9,-5.5329999999999995,0.124,0.5760000000000001,0.0,0.9790000000000001,0.7959999999999999,145.60299999999998,8.26
0NCVTPhS9FmQQwHUmuJNUm,0.5489999999999999,0.665,7,-6.475,0.0319,0.672,0.0,0.35700000000000004,0.6629999999999999,102.02600000000001,3.65
1An7hyRxsiiDtU2h2Rbb5S,0.5870000000000001,0.611,9,-8.811,0.0494,0.426,0.000102,0.708,0.6629999999999999,131.054,4.54
6ZHAkQveP83pugpI3R3BQr,0.44,0.6859999999999999,0,-6.7010000000000005,0.105,0.33399999999999996,0.00707,0.121,0.797,153.757,3.49
1jr4qWjw50EQ81x1Dfn9Cw,0.47100000000000003,0.503,0,-10.13,0.0434,0.652,0.00121,0.981,0.157,135.716,4.57
2EJGJrv01vMYVVb6fEp0KK,0.529,0.777,7,-8.005,0.0673,0.134,0.0,0.96,0.642,131.90200000000002,4.53
0F6vL0SH5Gx93f7kKVmlTa,0.444,0.495,7,-10.021,0.0659,0.469,0.0,0.866,0.599,101.279,2.72
2tkkYnPKL1yKGLuq4evOmt,0.452,0.7509999999999999,7,-7.877999999999999,0.147,0.0494,0.000674,0.8340000000000001,0.53,134.02200000000002,4.08
2OKgVoSV8zz0s4NuJlnrVF,0.384,0.764,4,-9.777000000000001,0.0659,0.18600000000000003,1.16e-06,0.317,0.539,141.864,6.57
2WRUOpSc8ooXGrS9GY4Z3I,0.726,0.542,11,-14.204,0.0289,0.203,0.0046700000000000005,0.0717,0.755,109.086,4.49
2dhBAbYfES1uMgEhYAercT,0.647,0.284,5,-11.837,0.0432,0.807,0.004220000000000001,0.376,0.787,95.59299999999999,2.73
2mkWsqw1FR5yHQ7Z1iejPa,0.546,0.091,0,-15.179,0.0392,0.991,1.09e-06,0.109,0.218,90.374,2.2
4qLFO9mNNmNDweLhuUz15m,0.46,0.185,7,-13.172,0.0619,0.715,0.0,0.706,0.297,174.49900000000002,7.52
68J4sPcv0d9DoeAmclQVOE,0.6409999999999999,0.659,9,-9.413,0.040999999999999995,0.35,0.0,0.382,0.84,112.715,7.48
0DPYCtNwxDxAFZD9S6W2Jk,0.5670000000000001,0.8859999999999999,2,-7.2379999999999995,0.053,0.00512,0.00011599999999999999,0.154,0.6459999999999999,121.59899999999999,5.05
75noWD1FYMFBKeUnxCy4NB,0.509,0.252,7,-13.333,0.0369,0.9490000000000001,0.18100000000000002,0.6709999999999999,0.348,144.092,5.97
2v2ZKjxhsdWevtT0CKN6c2,0.511,0.242,0,-15.777999999999999,0.043,0.716,0.142,0.10099999999999999,0.46299999999999997,121.51100000000001,2.13
0bIPQrwZWBSqadrJaRsW7R,0.5579999999999999,0.6920000000000001,4,-8.017000000000001,0.0381,0.129,1.9600000000000002e-05,0.0991,0.626,92.322,3.15
7sTxTZSoqgpnqOMkwJGXHu,0.442,0.207,0,-17.114,0.0362,0.838,0.932,0.0915,0.39899999999999997,137.969,2.21
7huqsHcUto3D3TDHPWtuYQ,0.585,0.495,11,-13.705,0.0292,0.505,0.968,0.23,0.95,119.74,3.52
2zQEl3RgJivVTabwczXxtn,0.561,0.151,7,-18.027,0.0442,0.669,5.08e-05,0.0928,0.455,120.694,2.13
2Da6m8ajFABWuS57Ii5gLe,0.6779999999999999,0.354,7,-9.481,0.0355,0.619,0.0,0.721,0.384,116.89399999999999,4.28
4Oi0aCr7R0gN6WJSKtdANr,0.5720000000000001,0.6970000000000001,9,-6.593,0.0618,0.462,0.0,0.107,0.858,134.07299999999998,1.79
3Inw4uH59MbpGRZtvvlfed,0.436,0.534,0,-10.009,0.0353,0.33,0.0,0.917,0.5489999999999999,111.802,4.69
3v3egyVEQvvFIjsUGi6g9H,0.47200000000000003,0.131,11,-14.265999999999998,0.0484,0.871,0.0,0.11800000000000001,0.311,174.459,2.92
4agkBHxBfcOO4Tgd5Qt86g,0.449,0.0655,4,-18.17,0.0448,0.9129999999999999,0.0227,0.0841,0.10300000000000001,104.609,5.09
7J8xED18dePpiXOkPkOFt0,0.5379999999999999,0.637,9,-10.009,0.055999999999999994,0.6409999999999999,0.0167,0.887,0.537,73.219,5.51
3UEWtvTL3mE797dNOv8Rzw,0.71,0.9009999999999999,2,-7.317,0.0342,0.135,0.0022,0.218,0.9129999999999999,126.602,5.13
380LDWPuv796kleeSKKFge,0.647,0.27,2,-13.940999999999999,0.0328,0.852,0.00139,0.0834,0.667,110.945,4.47
4j8k3NNNh4B8HekN0Zf0Je,0.722,0.223,8,-13.589,0.0449,0.914,0.0,0.0712,0.625,96.911,2.8
6AoNnAg3uQxr4tcxJpmIWc,0.527,0.34700000000000003,7,-13.107000000000001,0.0413,0.735,0.519,0.214,0.519,112.165,1.58
1fYsg6DqU6cZnRbISSjqnI,0.508,0.201,9,-14.507,0.0325,0.785,2.48e-05,0.0796,0.518,154.673,4.16
3bOUbaxvXVcQDUeSiiJIXN,0.614,0.174,5,-17.537,0.0503,0.988,0.273,0.111,0.523,116.449,4.3
0H9ZzwIBJSxOJT3HVuAsjW,0.537,0.573,4,-9.294,0.369,0.8109999999999999,1.88e-06,0.963,0.42700000000000005,104.911,4.05
7BoeifyvhTzpwGhl623obG,0.42700000000000005,0.40700000000000003,5,-12.062999999999999,0.0734,0.53,0.0,0.807,0.366,169.864,7.74
5d73oMHvHCrrIGchvPdJ86,0.555,0.315,4,-10.592,0.142,0.764,0.0,0.675,0.32899999999999996,136.392,6.45
2kGcrp5Ra5bCIUn53ng5pB,0.529,0.742,3,-7.845,0.0333,0.316,0.0,0.109,0.701,145.314,3.65
3Fnet7l44QsKmbRxAOyWzE,0.467,0.9179999999999999,4,-6.143,0.0711,0.21600000000000003,0.0,0.111,0.836,104.22399999999999,2.86
2MTSgWdCF4fbqM9sVKtnUm,0.5670000000000001,0.564,4,-8.611,0.0297,0.445,0.000185,0.209,0.565,123.646,2.82
0gohStXgZCXhpBRw7TuYQE,0.461,0.445,0,-9.686,0.0335,0.5770000000000001,0.0794,0.652,0.392,134.025,3.23
3tPkWQ0Ed6vHbYdbPP7HLJ,0.305,0.48,2,-6.9270000000000005,0.0287,0.782,1.54e-06,0.225,0.358,67.867,4.26
6jVRVVop35OiLnMQt1oof1,0.509,0.649,7,-7.568,0.034,0.191,0.00195,0.313,0.633,133.983,3.98
4daGDsq2Gv4qeGR3uYpQoy,0.502,0.557,5,-7.631,0.0411,0.5479999999999999,2.64e-06,0.132,0.711,112.805,2.25
0R9p7lLUdB5N39OU9NCTu4,0.308,0.5820000000000001,4,-7.336,0.0562,0.6920000000000001,0.0,0.18600000000000003,0.513,199.17,2.97
2dYam0boaX8XGNzwVqHxW0,0.693,0.557,5,-6.504,0.0333,0.439,7.99e-05,0.161,0.7929999999999999,124.61,2.07
7c5tRyNXCM77xYfBJGg3B6,0.59,0.8109999999999999,2,-6.263999999999999,0.0405,0.737,0.251,0.341,0.848,132.745,3.21
2WEE10JUB0IuuTKluMyYXG,0.38799999999999996,0.478,10,-10.093,0.0404,0.273,0.0,0.121,0.622,188.57299999999998,8.34
0VS0zCuZdd2yQSg21parJK,0.297,0.439,7,-11.342,0.0352,0.581,1.28e-06,0.42200000000000004,0.835,184.62,1.01
5Z1BFjLELnh6Ypn4yWzOOD,0.447,0.335,5,-14.499,0.0434,0.892,0.0,0.31,0.503,86.04799999999999,5.45
6W6VdR6GvDExlTEZhO2bsy,0.344,0.568,7,-8.904,0.0451,0.574,0.0,0.465,0.46799999999999997,170.743,5.32
23cMvOOt9IlfxQINoFifXA,0.589,0.22399999999999998,7,-14.014000000000001,0.0305,0.688,0.000126,0.094,0.599,84.81,2.96
2Xc1Xd7q4bunmnYkwIwJGY,0.22,0.977,7,-5.697,0.313,0.126,6.459999999999998e-05,0.985,0.32799999999999996,153.609,4.54
66KNVoKnjd4zWBsQT3wXQc,0.639,0.494,0,-10.107999999999999,0.0238,0.067,0.0,0.31,0.7559999999999999,97.484,5.3
5zxQEP8cuNMy2ZFK1AwqKZ,0.479,0.799,0,-8.552,0.0325,0.406,3.98e-06,0.809,0.8690000000000001,110.936,3.48
7iTnAnhVdugWZwnbdqbNQl,0.11,0.96,0,-5.419,0.26,0.516,0.000421,0.956,0.294,175.645,8.21
4t2wZalAQ4cbKKWTAcxct2,0.496,0.363,0,-11.047,0.0296,0.7759999999999999,0.0563,0.122,0.5429999999999999,149.091,2.47
2IprIjGNRlj3TfqUWCAo0C,0.7020000000000001,0.77,5,-5.319,0.0372,0.31,0.0,0.149,0.685,116.009,3.47
5tSmAABuoOfR59lrtXdDqm,0.515,0.7240000000000001,4,-3.498,0.0267,0.154,4.05e-06,0.26899999999999996,0.257,147.78799999999998,3.91
1yG491M3fRfowMdGN5pey4,0.53,0.526,7,-8.349,0.0263,0.19899999999999998,3.52e-06,0.14,0.32299999999999995,79.025,3.99
1kKlhuQE0HXp1IwBRpaH2P,0.648,0.785,7,-5.414,0.165,0.0561,0.0,0.14800000000000002,0.943,160.02,3.65
1SymEzIT3H8UZfibCs3TYi,0.7559999999999999,0.449,9,-8.746,0.0344,0.13,0.0,0.114,0.39899999999999997,111.01100000000001,3.72
12M5uqx0ZuwkpLp5rJim1a,0.8240000000000001,0.624,0,-9.728,0.0827,0.7809999999999999,0.00018899999999999999,0.1,0.248,102.012,4.79
5nL5BoiXOhwNrTnFDbDaq9,0.62,0.507,7,-10.384,0.0318,0.5589999999999999,0.0,0.0507,0.703,105.008,4.61
1bq1EC1nZUrDNscbrykOUo,0.5770000000000001,0.716,7,-9.133,0.0373,0.42700000000000005,0.0,0.201,0.805,108.95299999999999,3.99
15DeqWWQB4dcEWzJg15VrN,0.6679999999999999,0.672,2,-4.931,0.0303,0.111,0.0,0.32899999999999996,0.539,89.01100000000001,3.35
7zMcNqs55Mxer82bvZFkpg,0.621,0.41700000000000004,10,-6.941,0.0231,0.28800000000000003,0.0,0.11900000000000001,0.289,99.95299999999999,3.38
0Om9WAB5RS09L80DyOfTNa,0.58,0.491,0,-6.462000000000001,0.0251,0.575,0.0,0.121,0.425,76.009,3.87
32mVHdy0bi1XKgr0ajsBlG,0.6579999999999999,0.877,7,-2.0980000000000003,0.0323,0.17300000000000001,0.0,0.0962,0.821,105.586,2.88
16MVSD0mGI4RMQT83Qzm69,0.47600000000000003,0.777,4,-3.7710000000000004,0.0289,0.0103,0.0,0.196,0.47200000000000003,167.96400000000003,4.04
2QrQCMel6v2JiLxqrg4p2O,0.40299999999999997,0.627,2,-5.28,0.0292,0.0177,0.0,0.182,0.374,74.9,3.55
0JIdBrXGSJXS72zjF9ss9u,0.563,0.934,8,-3.6289999999999996,0.0646,0.004520000000000001,0.000807,0.10300000000000001,0.518,143.964,3.55
7an1exwMnfYRcdVQm0yDev,0.418,0.48200000000000004,5,-5.769,0.0266,0.217,0.0,0.12300000000000001,0.261,175.558,3.98
73OX8GdpOeGzKC6OvGSbsv,0.5760000000000001,0.777,9,-2.8810000000000002,0.0324,0.051,0.0,0.32,0.428,115.02799999999999,3.32
2ZoOmCSgj0ypVAmGd1ve4y,0.594,0.629,8,-4.919,0.0246,0.0868,0.0,0.13699999999999998,0.504,131.597,3.93
1vrd6UOGamcKNGnSHJQlSt,0.618,0.741,2,-3.95,0.031,0.17,0.0,0.0822,0.29600000000000004,118.984,3.92
3GCL1PydwsLodcpv0Ll1ch,0.687,0.7829999999999999,6,-4.44,0.0386,0.162,1.3500000000000001e-05,0.114,0.44299999999999995,129.964,3.85
3OaBCFROgrLRbZGCFP6E3M,0.687,0.755,6,-4.426,0.0385,0.157,1.09e-05,0.09300000000000001,0.45,129.97299999999998,3.87
7bad461siaxECNlaYsmIo6,0.616,0.738,2,-3.9410000000000003,0.0311,0.153,0.0,0.0769,0.3,118.994,3.94
5P4wWhUYWM0IaVYLuZxdar,0.433,0.7,5,-3.7089999999999996,0.0336,0.0408,0.0,0.115,0.39799999999999996,160.92700000000002,4.07
6Eu31gddWw0gOGO506pJYA,0.594,0.7120000000000001,5,-4.418,0.0273,0.04,0.0,0.309,0.47600000000000003,99.97200000000001,4.03
6wn61Fzx9XMxQmieLpoIhW,0.578,0.34,0,-8.027000000000001,0.0264,0.305,0.0,0.10400000000000001,0.223,92.70200000000001,3.91
4t0OI7XrODjSkAu3bTPmWj,0.556,0.6509999999999999,7,-4.396,0.0266,0.067,0.0,0.145,0.203,95.485,4.91
3as6Wz3mwbTnusWhZjTUNr,0.687,0.7709999999999999,6,-4.4239999999999995,0.0384,0.16399999999999998,2.46e-05,0.11199999999999999,0.445,129.964,3.85
4ONlmL2EYEryaJzmh9fG1o,0.446,0.705,5,-3.7060000000000004,0.0335,0.0322,0.0,0.11,0.41600000000000004,160.933,4.09
0kN3oXYWWAk1uC0y2WoyOE,0.618,0.736,2,-3.937,0.0308,0.157,0.0,0.073,0.307,118.98200000000001,3.92
3SBGfIPUVlqt1YGxgZXoJ9,0.591,0.703,5,-4.376,0.0279,0.0365,0.0,0.307,0.442,100.036,4.05
3MXzl6hq3vSqB8ZlKVGkRi,0.5589999999999999,0.627,7,-4.468999999999999,0.0264,0.0647,0.0,0.13699999999999998,0.204,95.45200000000001,4.92
77VotUUL79U10TAnYdqwvr,0.436,0.7120000000000001,5,-3.6889999999999996,0.0329,0.0322,0.0,0.111,0.379,160.886,4.07
47HtKpfzpAt8rQjjXWotFj,0.608,0.821,10,-4.985,0.0576,0.0752,0.0,0.11,0.544,128.042,3.76
5GEPI2EfHqf6G1Ebibo5C5,0.581,0.342,0,-8.022,0.0259,0.28600000000000003,0.0,0.10099999999999999,0.212,92.166,3.92
3F6czr26ZwGU5O5CHY04Ma,0.598,0.7140000000000001,5,-4.397,0.0273,0.0364,1.04e-06,0.31,0.467,99.979,4.03
08gavXombT6KR0af88i9tA,0.618,0.687,2,-5.737,0.0271,0.111,0.0,0.0693,0.82,79.991,3.95
46HGgtwmmuEB8mvDCyjyAc,0.5920000000000001,0.16,9,-10.785,0.0347,0.852,0.0,0.11599999999999999,0.294,118.929,4.46
4WXzzCof26KJLTK5kK53dS,0.841,0.544,6,-7.347,0.0309,0.19399999999999998,2.48e-06,0.10800000000000001,0.831,115.994,4.24
4jPtq9shRdUv8Zjr0a5xkD,0.585,0.34600000000000003,0,-8.014,0.0256,0.302,0.0,0.102,0.195,92.564,3.91
2IZ00ed83ygPIiacYScWUE,0.419,0.45399999999999996,5,-6.809,0.0335,0.0583,3.78e-06,0.0974,0.28800000000000003,200.017,5.18
3M0w3fhdXByHLCNAoi5c9G,0.5589999999999999,0.636,7,-4.4,0.0263,0.0728,0.0,0.14400000000000002,0.214,95.485,4.91
1zxrcAk6eiytfavqriMcKT,0.605,0.8290000000000001,10,-4.993,0.0549,0.0907,0.0,0.106,0.514,128.012,3.76
30oulfBS2vZcq1wQZPXlQo,0.604,0.828,10,-4.976,0.0629,0.0871,0.0,0.106,0.515,128.024,3.77
0xvsgzM8AtBtRHZm5rav8A,0.47600000000000003,0.816,4,-4.279,0.0347,0.16899999999999998,0.0,0.23800000000000002,0.469,163.847,3.96
4pl5zcqCv4vc3cB7M4MZ6f,0.527,0.475,2,-6.205,0.0258,0.0868,4.34e-06,0.248,0.22399999999999998,143.96200000000002,3.97
3esA216TyLHEkNiBCeCmcg,0.6659999999999999,0.434,1,-8.543,0.0289,0.647,1.95e-06,0.124,0.396,126.084,4.09
6wcFdMmiDscAhZJrcVFumx,0.843,0.5529999999999999,6,-7.348,0.0317,0.168,2.66e-06,0.107,0.825,115.99700000000001,4.24
0dBW6ZsW8skfvoRfgeerBF,0.624,0.757,7,-2.94,0.0296,0.00265,1.87e-06,0.18899999999999997,0.6579999999999999,121.07,3.85
1By2VQkUN0Frd8mKNV5NYC,0.516,0.917,11,-3.1860000000000004,0.0827,0.0139,6.37e-06,0.36,0.635,145.821,3.62
3DrjZArsPsoqbLzUZZV1Id,0.529,0.67,2,-4.663,0.0303,0.11699999999999999,0.0,0.33399999999999996,0.28600000000000003,141.893,4.88
5yEPktRqvIhko5QFF3aBhQ,0.568,0.7609999999999999,4,-3.987,0.0459,0.452,0.0,0.217,0.789,163.97400000000002,3.96
3RBluWmSoG2pGA1OePzGJI,0.5429999999999999,0.818,4,-3.611,0.0398,0.0047799999999999995,0.000368,0.0357,0.6829999999999999,139.898,4.43
10eBRyImhfqVvkiVEGf0N0,0.455,0.623,8,-3.878,0.0288,0.0739,0.000424,0.146,0.20800000000000002,163.893,5.87
1ubvV5ECkm6nSI6g1HmbBK,0.589,0.47,4,-5.32,0.027999999999999997,0.166,1.45e-06,0.11199999999999999,0.102,119.38600000000001,6.73
1q8E1FfFuhd12c5JcJwPxQ,0.605,0.787,5,-3.002,0.0308,0.0396,1.42e-06,0.163,0.374,114.98700000000001,4.35
7lxADouiWFkwR7ZV2GKUcH,0.529,0.67,2,-4.663,0.0303,0.11699999999999999,0.0,0.33399999999999996,0.28600000000000003,141.893,4.88
6LZaxlycSWrJZ4Volb25qx,0.624,0.757,7,-2.94,0.0296,0.00265,1.87e-06,0.18899999999999997,0.6579999999999999,121.07,3.85
6d9IiDcFxtFVIvt9pCqyGH,0.605,0.787,5,-3.002,0.0308,0.0396,1.42e-06,0.163,0.374,114.98700000000001,4.35
6IH2Z54gYPLqgJtxZjX80i,0.541,0.45299999999999996,2,-6.459,0.0266,0.748,0.0,0.2,0.377,141.757,4.88
1D27z8xNzjW0Mwwt1NCWhJ,0.371,0.341,10,-9.475,0.0319,0.57,3.09e-05,0.10099999999999999,0.196,89.038,6.12
1EQn3Uc5AyUXoiPLeyCrrg,0.608,0.569,0,-7.227,0.0284,0.537,0.0,0.09699999999999999,0.23800000000000002,159.845,3.97
19tHCfzUSoy5HkpxcmbA0A,0.5429999999999999,0.818,4,-3.611,0.0398,0.0047799999999999995,0.000368,0.0357,0.6829999999999999,139.898,4.43
74WBGgUnpKrJXt6TETfR6Z,0.7140000000000001,0.305,2,-8.837,0.0305,0.8190000000000001,0.0,0.174,0.5539999999999999,124.91,4.84
14LtANuaslKWyYbktUrHBU,0.455,0.623,8,-3.878,0.0288,0.0739,0.000424,0.146,0.20800000000000002,163.893,5.87
7DjCRhhFo9PPzca1BjMLcf,0.418,0.68,7,-4.3,0.0347,0.036000000000000004,7.59e-05,0.114,0.142,204.12,5.29
4N60XfcTE1ysLZGbYgnYXq,0.568,0.7609999999999999,4,-3.987,0.0459,0.452,0.0,0.217,0.789,163.97400000000002,3.96
11UaQaEp2LvdspTyyuE3ur,0.436,0.95,5,-2.627,0.057,0.0826,1.08e-06,0.149,0.35200000000000004,162.088,4.03
2ythurkTtSiyfK7GprJoFW,0.516,0.917,11,-3.1860000000000004,0.0827,0.0139,6.37e-06,0.36,0.635,145.821,3.62
24DefNCFiWTP8OjYWiXuYe,0.7090000000000001,0.599,7,-3.734,0.0304,0.095,0.0,0.0973,0.735,118.975,4.01
1nYWTzy5zu3zEPNgB1sItW,0.7090000000000001,0.599,7,-3.734,0.0304,0.095,0.0,0.0973,0.735,118.975,4.01
0vvt4IZOMkRug195S4MUq0,0.511,0.7190000000000001,4,-3.457,0.0265,0.166,4.54e-06,0.34,0.289,147.852,3.91
7hZuICN5eaCuQyp443RCt6,0.589,0.47,4,-5.32,0.027999999999999997,0.166,1.45e-06,0.11199999999999999,0.102,119.38600000000001,6.73
1q3RiD1tIWUpGsNFADMlvl,0.602,0.609,0,-7.803,0.0243,0.0382,0.0002,0.127,0.337,93.06,5.46
72jCZdH0Lhg93z6Z4hBjgj,0.622,0.469,3,-6.797999999999999,0.0363,0.00454,2.25e-06,0.0398,0.679,77.01899999999999,3.63
7AEAGTc8cReDqcbPoY9gwo,0.628,0.6759999999999999,7,-5.9110000000000005,0.0916,0.00957,2.65e-05,0.102,0.75,85.984,3.2
3bIxTsfeNMO7Nt2J3EUKrA,0.6579999999999999,0.7290000000000001,7,-6.561,0.0378,0.00215,0.0013,0.0752,0.6679999999999999,104.007,3.84
0cITLOYn1Sv4q27zZPqlNK,0.602,0.8959999999999999,1,-4.2669999999999995,0.0437,0.0773,8.87e-05,0.091,0.6409999999999999,124.978,3.68
2ULNeSomDxVNmdDy8VxEBU,0.6579999999999999,0.7290000000000001,7,-6.561,0.0378,0.00215,0.0013,0.0752,0.6679999999999999,104.007,3.84
1RvQQGwaPipiNgz8RXAKA8,0.602,0.8959999999999999,1,-4.2669999999999995,0.0437,0.0773,8.87e-05,0.091,0.6409999999999999,124.978,3.68
1OYARuagDrpgNNQ4loO1Cs,0.628,0.6759999999999999,7,-5.9110000000000005,0.0916,0.00957,2.65e-05,0.102,0.75,85.984,3.2
0L4YCNRfXAoTvdpWeH2RGj,0.53,0.526,7,-8.349,0.0263,0.19899999999999998,3.52e-06,0.23199999999999998,0.32299999999999995,79.025,3.96
0ciHz919LVKoH4zgxyMPZ9,0.622,0.469,3,-6.797999999999999,0.0363,0.00454,2.25e-06,0.0398,0.679,77.01899999999999,3.63
5zyCYmiaVE5y26EZuwZbsw,0.588,0.825,4,-5.882000000000001,0.0328,0.000197,0.0013800000000000002,0.0885,0.397,129.968,4.92
5d2Kn9oAAh9S2EbyCo1i52,0.627,0.816,4,-6.6979999999999995,0.0774,0.0162,0.0020800000000000003,0.0966,0.648,157.043,3.36
31pEV5lPJi7btskZoUr2yu,0.5670000000000001,0.48100000000000004,4,-7.357,0.027000000000000003,0.0173,4.13e-05,0.182,0.233,145.865,4.04
0XfOV7qY3834QpFVwOb6CC,0.705,0.621,2,-8.086,0.0334,0.10099999999999999,4.2999999999999995e-06,0.147,0.395,109.993,4.01
1x0J8LFX23d5h1zzuzZorc,0.7290000000000001,0.748,0,-6.67,0.0245,0.307,1.29e-06,0.09,0.9279999999999999,99.98100000000001,3.41
48A0aShHlovDfTMucMrE66,0.53,0.526,7,-8.349,0.0263,0.19899999999999998,3.52e-06,0.23199999999999998,0.32299999999999995,79.025,3.96
4qyalTRMRH5YuEntvvMvq0,0.483,0.5479999999999999,4,-6.291,0.0254,0.00471,2.01e-06,0.0997,0.217,79.926,3.71
1p80LdxRV74UKvL8gnD7ky,0.752,0.6779999999999999,5,-5.421,0.0646,0.085,1.64e-06,0.13,0.583,96.009,3.86
5xTtaWoae3wi06K5WfVUUH,0.648,0.785,7,-5.414,0.165,0.0561,0.0,0.14800000000000002,0.943,160.02,3.65
59HjlYCeBsxdI0fcm3zglw,0.5529999999999999,0.664,8,-7.417000000000001,0.0741,0.0709,0.0056,0.106,0.467,140.06,3.67
4lIxdJw6W3Fg4vUIYCB0S5,0.598,0.7859999999999999,2,-5.572,0.0382,0.00256,0.00143,0.11699999999999999,0.456,95.021,3.85
273dCMFseLcVsoSWx59IoE,0.652,0.802,7,-6.114,0.18100000000000002,0.0871,6.45e-06,0.14800000000000002,0.295,170.157,3.53
6rZVy6FIG7lSJQMFXHo12z,0.633,0.889,5,-5.87,0.0715,0.00463,0.000458,0.0658,0.584,121.956,3.84
5OndtwLGA9O6XHFcGm2H7r,0.552,0.841,7,-6.938,0.0372,0.00103,1.23e-05,0.337,0.342,91.993,3.93
6qnM0XXPZOINWA778uNqQ9,0.7929999999999999,0.634,7,-4.8069999999999995,0.0324,0.038,1.76e-06,0.304,0.615,117.023,3.54
2sC2P3BN0IXujNaaSyDmtP,0.76,0.703,5,-5.412000000000001,0.054000000000000006,0.10300000000000001,0.0,0.0913,0.57,95.99700000000001,3.86
4bXCcoesMt8u99xMsbLr9U,0.815,0.377,4,-7.754,0.0346,0.23199999999999998,0.0,0.1,0.21100000000000002,103.97,4.52
1fo2ctLqj3zBhRQKOXprol,0.588,0.7909999999999999,7,-5.595,0.0402,0.00245,0.0025800000000000003,0.11800000000000001,0.48700000000000004,94.93299999999999,3.85
0dAb8TY433dl3ZfXYCLE19,0.602,0.735,5,-5.778,0.0337,0.00196,4.77e-05,0.105,0.47200000000000003,96.969,3.22
3fthfkkvy9av3q3uAGVf7U,0.647,0.8,7,-5.3839999999999995,0.165,0.0647,0.0,0.33399999999999996,0.9420000000000001,160.078,3.65
106R7Z57WYzBAfrXImV30y,0.55,0.688,8,-7.416,0.0897,0.0692,0.00144,0.106,0.465,139.997,3.67
6Nde5KuTXyB7jlPO4upaBo,0.5529999999999999,0.841,7,-6.937,0.0396,0.000743,1.1900000000000001e-05,0.341,0.33799999999999997,92.008,3.93
4A2LfnduSTsE8u0ecYROxE,0.474,0.48,2,-8.894,0.0622,0.7070000000000001,0.00010800000000000001,0.0903,0.319,170.109,4.45
6iWMI5oOhWrDbLbjmwTWFq,0.42200000000000004,0.6920000000000001,3,-5.447,0.0549,0.0493,2.57e-05,0.177,0.19699999999999998,184.014,4.09
1kTPQnabROVkW9bUXdCGrB,0.48100000000000004,0.435,4,-8.795,0.0321,0.6779999999999999,0.0,0.0928,0.107,143.95,4.17
2zfgVd034GlUvk7LqBHl6u,0.602,0.755,0,-4.9910000000000005,0.071,0.245,0.0,0.17800000000000002,0.495,159.965,3.26
6wfugRLamFsTRbPcCpNnP7,0.765,0.6559999999999999,5,-6.112,0.0504,0.00364,0.00868,0.0918,0.545,119.99700000000001,4.13
1B5VzXPqMlvRw0U4HJY3dJ,0.653,0.893,0,-5.966,0.0538,0.0158,4.95e-05,0.102,0.513,118.035,3.46
1LLXZFeAHK9R4xUramtUKw,0.695,0.71,1,-6.638999999999999,0.05,0.0246,0.00010400000000000001,0.133,0.557,157.925,3.17
5kI4eCXXzyuIUXjQra0Cxi,0.593,0.377,0,-8.761000000000001,0.0253,0.6,0.0,0.0976,0.502,95.939,4.91
6VsvKPJ4xjVNKpI8VVZ3SV,0.653,0.452,4,-11.142999999999999,0.055,0.838,7.730000000000001e-05,0.10800000000000001,0.45,83.43299999999999,4.21
4P5FR0hI1Vr7BpZqBD19iR,0.607,0.45399999999999996,6,-11.484000000000002,0.0267,0.6629999999999999,0.0,0.139,0.64,105.652,4.37
0z7gv3vV0CcVWNqzRUoTOj,0.64,0.392,7,-10.322000000000001,0.0396,0.7659999999999999,0.0,0.0998,0.687,81.312,5.48
6s8fPezIUaqQXsPcTselWy,0.433,0.307,3,-13.572000000000001,0.0288,0.7709999999999999,0.363,0.12300000000000001,0.591,166.49400000000003,3.02
1dI5VAddbHQKX1LgNsjxGG,0.42,0.48,2,-10.41,0.0378,0.466,0.0,0.0656,0.483,156.736,4.25
4eED1awQbzXgwRv7QdZYuL,0.473,0.725,0,-8.003,0.0359,0.23800000000000002,0.004220000000000001,0.677,0.9109999999999999,145.27100000000002,5.09
3O1hpSOaJDW4SelgUG2XT3,0.561,0.273,11,-13.863,0.0335,0.601,2.8999999999999997e-05,0.22399999999999998,0.305,72.523,5.35
2xalFZmyjleCTdhKPxqzdh,0.45,0.324,4,-15.544,0.0406,0.7979999999999999,0.0034799999999999996,0.126,0.136,97.49,7.7
4AWZ4e48q09PxcD1BFIOGx,0.682,0.258,4,-13.315999999999999,0.0452,0.847,0.0,0.12,0.636,124.405,1.54
6C5xlXwVqvJN6gALi4BYMQ,0.43799999999999994,0.617,4,-9.826,0.0395,0.307,0.0,0.139,0.737,155.928,2.77
231YRTPZFjXLCYSR1oKDrC,0.535,0.146,7,-13.77,0.0322,0.8290000000000001,0.0362,0.163,0.43,93.89299999999999,2.42
2BhDazuH5PZqsX0LyM0D56,0.49200000000000005,0.534,7,-8.361,0.0333,0.292,0.0,0.22,0.892,80.525,2.23
43l4wsDQHRa0lZwwuzSPff,0.466,0.6559999999999999,2,-9.141,0.0408,0.583,0.252,0.17300000000000001,0.7170000000000001,137.332,2.86
7gksXTblFUMjjkU54iS3Ir,0.284,0.894,7,-6.864,0.0896,0.0375,1.41e-06,0.99,0.534,143.806,3.87
6QU8kwWWVvDsNFFyoAsY0Q,0.406,0.95,7,-5.579,0.109,0.191,5.379999999999999e-05,0.981,0.621,116.24799999999999,3.44
4unBfoXJZVyDcoFe9i4LAN,0.521,0.16699999999999998,7,-11.239,0.0413,0.95,0.0,0.196,0.39899999999999997,148.901,2.97
1qli6fjEVdmMgssWy55eiZ,0.49,0.461,2,-10.295,0.0433,0.24100000000000002,0.000749,0.125,0.33799999999999997,135.06799999999998,4.94
6rt50MyI11ewgeopysMzYq,0.627,0.272,5,-13.456,0.0341,0.953,0.6459999999999999,0.10400000000000001,0.413,105.514,3.6
6TpSTQry30wlNFoRgHFK5e,0.6509999999999999,0.54,11,-10.075,0.0459,0.696,0.00673,0.19699999999999998,0.804,99.795,3.33
42vJsgA6IzihUHpoQpbYhr,0.505,0.441,1,-10.258,0.10800000000000001,0.767,0.0,0.14,0.584,123.90799999999999,2.87
5Sm8vWbmBFiZ1Qv2XkED37,0.598,0.508,9,-8.357999999999999,0.0397,0.45899999999999996,4.13e-06,0.158,0.9209999999999999,131.009,1.8
5Zh4vFrNsYnbPTvTIk0Rsv,0.503,0.519,7,-10.89,0.0384,0.39399999999999996,6.14e-06,0.126,0.963,185.17,2.35
7vtmxVGCbCGHb2FRWzr2b5,0.47600000000000003,0.531,2,-10.08,0.0361,0.5820000000000001,0.0,0.251,0.745,103.626,3.87
6NtoNuWuH4Nl1OcMlL3Ou2,0.594,0.503,11,-10.695,0.0508,0.863,0.0,0.213,0.755,125.20100000000001,1.58
6PxiOVVnEXQx6bD7VVaZ8K,0.485,0.593,5,-10.297,0.0967,0.841,0.00037,0.18899999999999997,0.787,149.71200000000002,2.89
00HJYR05DhEkpawG444zN8,0.539,0.363,4,-10.818,0.0252,0.537,0.16699999999999998,0.17300000000000001,0.529,81.113,3.32
2yJQuQFTGjUNmTPDMEWmo1,0.514,0.845,0,-7.624,0.0727,0.294,2.46e-05,0.7170000000000001,0.483,112.071,4.38
6N5ocPkQ8FPaZu90bRSJM7,0.455,0.981,7,-6.409,0.183,0.14300000000000002,1.4499999999999998e-05,0.995,0.308,100.49,3.67
2Eg8w0EBz3EVCKkTC5CCGa,0.47100000000000003,0.932,7,-6.622000000000001,0.109,0.0879,0.000395,0.7090000000000001,0.6990000000000001,129.12,5.13
4zSzGgwYjmyTPbctxnEZQw,0.514,0.96,0,-6.792999999999999,0.0987,0.039,0.000206,0.958,0.48200000000000004,114.02600000000001,4.77
7iCYO5Db1xLBqmzYf4T2EO,0.5,0.971,2,-6.027,0.135,0.00647,2.72e-06,0.9570000000000001,0.41700000000000004,126.917,4.44
4XE4w5PToio8PjQpL4wcGJ,0.47200000000000003,0.915,7,-7.032,0.166,0.0586,0.00010700000000000001,0.986,0.595,127.944,4.02
3fT1TDk7OKsk02zb50TT0O,0.5579999999999999,0.565,0,-6.691,0.054000000000000006,0.6,0.0035,0.10400000000000001,0.63,124.805,3.26
6iEVANirIu9Map5EvPDPgg,0.542,0.79,0,-6.71,0.0356,0.696,0.009179999999999999,0.493,0.757,140.756,3.67
0XfTh16YcKPzdxMPTeKTAq,0.61,0.531,2,-6.122999999999999,0.0239,0.36700000000000005,0.0,0.35100000000000003,0.228,85.979,4.36
5mfDBWY7ncZFm7ykmFTG4i,0.626,0.11800000000000001,7,-15.91,0.0305,0.664,0.000169,0.127,0.0682,105.59700000000001,5.38
1OB4gBYqpCWmi5COdvkdAQ,0.42700000000000005,0.7490000000000001,7,-6.781000000000001,0.0399,0.539,0.00614,0.71,0.366,134.678,4.35
2Q7cqvwV7CCwAxZTL22uYi,0.429,0.39799999999999996,0,-8.802,0.0268,0.632,1.24e-05,0.758,0.376,76.69800000000001,4.05
4kF9AoXsb9kieb8zKU3xSw,0.526,0.5429999999999999,7,-8.774,0.133,0.6409999999999999,0.000101,0.624,0.762,182.91099999999997,3.51
5pVLgHoJl51Y3yKhk0ZKZB,0.508,0.47,4,-7.537000000000001,0.0339,0.419,3.75e-05,0.755,0.575,75.986,4.41
6urIyKfDrUYDAW7saPN6wF,0.498,0.604,11,-8.148,0.031,0.335,0.00112,0.0975,0.4,126.14299999999999,5.99
5q6DNaMiigdhI02g5XXq4C,0.65,0.27699999999999997,9,-14.219000000000001,0.0339,0.23800000000000002,0.0,0.166,0.495,124.34700000000001,3.57
3Gfx0rvzSpxUwpaOwLSnPV,0.45299999999999996,0.541,4,-5.445,0.0272,0.0548,8.400000000000001e-06,0.106,0.18,133.04399999999998,3.21
06MdshAoq98OnumAG4PIuC,0.652,0.36700000000000005,0,-11.062999999999999,0.028999999999999998,0.6629999999999999,0.000288,0.1,0.716,112.28,2.76
1BzhoGAslntPzCyfye20Nh,0.595,0.956,7,-7.2860000000000005,0.284,0.174,1.42e-06,0.726,0.5539999999999999,114.079,3.19
2ZhB0pLWeVIiTDc36yFiwY,0.589,0.555,7,-9.514,0.0331,0.429,0.0,0.0999,0.925,109.10799999999999,3.78
1hxLyjC9D9Jpw6EAPKqWv4,0.45899999999999996,0.753,10,-3.827,0.0537,0.0402,0.0,0.0863,0.483,199.997,2.98
0cEG04R5cldkTLzK6phlcn,0.527,0.461,2,-6.172000000000001,0.0256,0.0961,2.47e-06,0.24,0.23,143.94,3.97
0tr6XR58KBdDYd8qvHVTs8,0.517,0.606,2,-5.797000000000001,0.0289,0.0202,0.0,0.324,0.29600000000000004,141.929,4.88
0GxW5K0qzrq7L1jwSY5OmY,0.696,0.768,7,-3.863,0.0308,0.00461,1.21e-06,0.10099999999999999,0.6920000000000001,121.05,3.84
09cM9BjyNFizKUOXh6j9rT,0.608,0.785,5,-2.9760000000000004,0.0311,0.0387,0.0,0.158,0.376,114.985,4.35
4pFvEWbjBpPUdYRQly0THs,0.491,0.703,7,-4.5,0.0319,0.0307,5.72e-06,0.16699999999999998,0.344,157.988,4.04
70e9zuv2pJc7ON1OUAJ1zl,0.624,0.34,7,-12.411,0.028999999999999998,0.632,0.0337,0.0805,0.261,129.987,4.75
4qTAwKJQ68gmnrnfPD3vlO,0.619,0.506,7,-7.327000000000001,0.0315,0.187,1.47e-05,0.10099999999999999,0.27399999999999997,126.03,4.78
0LkjXZhQZ0ckXtj4DHM6Xu,0.546,0.7509999999999999,9,-7.541,0.171,0.0984,3.86e-05,0.20199999999999999,0.856,93.859,3.41
2efrVo9F334TwP0da3S4PD,0.605,0.309,2,-11.713,0.0304,0.728,0.0,0.292,0.345,128.697,3.55
2BptgHssBhYE1y4ZH7oRew,0.363,0.754,5,-10.97,0.0621,0.0844,0.0,0.127,0.84,107.816,4.04
61ZBZl1739ky4DCVj73O7a,0.503,0.688,10,-11.114,0.046,0.266,0.0,0.0793,0.6459999999999999,180.75099999999998,4.3
1qwxCVcwLWdJZXtmuGm0Wk,0.499,0.8029999999999999,0,-10.296,0.0488,7.01e-06,0.0798,0.177,0.436,125.14,5.86
7CzxXgQXurKZCyHz9ufbo1,0.563,0.934,8,-3.6289999999999996,0.0646,0.004520000000000001,0.000807,0.10300000000000001,0.518,143.964,3.55
2O8sogKJCfVZ4rotBv1vVF,0.40299999999999997,0.627,2,-5.28,0.0292,0.0177,0.0,0.182,0.374,74.9,3.55
569sXXQ7t0jSdqHooi2yqs,0.418,0.48200000000000004,5,-5.769,0.0266,0.217,0.0,0.12300000000000001,0.261,175.558,3.98
2Fn01AIMyHbha2ceNQeOqw,0.58,0.491,0,-6.462000000000001,0.0251,0.575,0.0,0.121,0.425,76.009,3.87
7CjuAoOiSrwWv7wJonAUmw,0.664,0.447,1,-8.535,0.0292,0.611,1e-06,0.139,0.364,126.079,4.09
3uma4z6bJJxig2eUILcDbp,0.623,0.78,7,-2.9389999999999996,0.0307,0.0034200000000000003,2.07e-06,0.14300000000000002,0.635,121.061,3.86
7dlofsE0pZhXBZR6hqhaVu,0.542,0.8079999999999999,4,-3.592,0.038,0.00463,0.000479,0.0587,0.6659999999999999,139.907,4.46
0mTgFzkDgSAF3nJY25XCXG,0.5529999999999999,0.604,1,-5.295,0.0258,0.20199999999999999,0.0,0.125,0.18600000000000003,133.989,5.04
6Ck9WerfsyvC4v4AylUoDp,0.595,0.763,0,-4.9910000000000005,0.0661,0.231,0.0,0.2,0.507,159.959,3.26
3nRmDz7qGCvsMS30rGGY0x,0.789,0.634,7,-4.762,0.0323,0.0348,1.64e-06,0.302,0.6579999999999999,116.992,3.54
6aLOekfwbytwWvQftxTEF0,0.605,0.725,5,-5.729,0.0323,0.00201,2.02e-05,0.10099999999999999,0.539,96.97,3.22
2NlmmAjGYrrjAp0MED5rGx,0.6459999999999999,0.794,7,-6.104,0.19,0.0885,6.16e-06,0.201,0.287,170.21599999999998,3.53
2dgFqt3w9xIQRjhPtwNk3D,0.7120000000000001,0.732,4,-6.754,0.0629,0.45399999999999996,0.0,0.319,0.313,94.071,3.31
2Eeur20xVqfUoM3Q7EFPFt,0.6859999999999999,0.662,7,-8.505,0.0413,0.467,0.0023,0.109,0.706,147.922,3.85
1MgV7FIyNxIG7WzMRJV5HC,0.456,0.263,0,-10.63,0.0332,0.8059999999999999,0.0,0.0749,0.111,129.86,4.26
2NmsngXHeC1GQ9wWrzhOMf,0.5589999999999999,0.31,10,-10.445,0.0338,0.8809999999999999,0.0,0.106,0.46,119.845,3.18
0PurA4JVJ8YQgSVopY8fn6,0.316,0.361,9,-10.380999999999998,0.0488,0.878,2.6700000000000002e-05,0.0797,0.221,74.952,4.09
0ZNU020wNYvgW84iljPkPP,0.5529999999999999,0.413,2,-10.037,0.0334,0.687,2.33e-06,0.0594,0.379,110.10700000000001,3.48
7kt9e9LFSpN1zQtYEl19o1,0.515,0.47600000000000003,9,-9.843,0.0328,0.314,4.74e-05,0.171,0.41200000000000003,135.886,3.25
2o2sgVJIgFXk8GQjWTgI6U,0.546,0.73,0,-7.704,0.0417,0.66,0.179,0.0972,0.573,157.895,3.6
19CSr8rwW05VJL2F91KFNK,0.515,0.545,2,-9.277000000000001,0.0353,0.855,1.9699999999999998e-05,0.0921,0.535,88.85600000000001,4.34
6KJqZcs9XDgVck7Lg9QOTC,0.596,0.488,4,-10.769,0.0274,0.9,2.7000000000000002e-05,0.091,0.415,94.926,3.48
3yFpuKEVSoqWHlRFlRZ5rJ,0.654,0.674,9,-11.379000000000001,0.0745,0.385,0.0,0.331,0.878,102.97200000000001,3.42
0uu57g6gOZCVsMFBngtjN1,0.71,0.708,7,-9.248,0.0408,0.444,0.0,0.14800000000000002,0.8859999999999999,130.91,2.82
1PUlnoNqldD0bbBnr0spm7,0.618,0.272,4,-13.595,0.0354,0.598,0.0,0.263,0.632,106.68799999999999,11.27
0JCPsxoUTSPQdm8EeeKp6R,0.624,0.7709999999999999,1,-9.082,0.0473,0.557,0.000153,0.504,0.8759999999999999,119.52600000000001,3.97
5WC8IE6eSOqbiz8D25vldq,0.584,0.278,2,-15.06,0.0386,0.726,2.59e-05,0.324,0.5539999999999999,125.588,3.68
0DAvALgQgY5GSqO3hk0jaQ,0.584,0.387,0,-11.032,0.0373,0.698,0.00038199999999999996,0.0875,0.7809999999999999,107.596,3.07
4HNUbWeCMT8QyfymmfHGh7,0.726,0.541,4,-10.969000000000001,0.0332,0.457,0.0,0.109,0.8490000000000001,125.31,2.7
0e7fgxwzw3Rpsc7pojQsAC,0.71,0.546,4,-9.625,0.0501,0.56,0.0,0.15,0.763,127.309,2.52
5HgjtQ0jW7hEu1A3Y5pZtd,0.386,0.5670000000000001,4,-9.12,0.0338,0.344,0.0011,0.935,0.602,133.001,4.6
3VtojFfH6vjWzqqWDz7d4F,0.493,0.16,7,-15.380999999999998,0.0317,0.82,0.0,0.10300000000000001,0.382,104.79700000000001,3.57
0Muez8ucUqZMXIaYONOgF2,0.461,0.5760000000000001,0,-10.64,0.0324,0.716,0.0,0.165,0.619,95.815,6.13
4pJi1rVt9GNegU9kywjg4z,0.45899999999999996,0.753,10,-3.827,0.0537,0.0402,0.0,0.0863,0.483,199.997,2.98
6K0CJLVXqbGMeJSmJ4ENKK,0.479,0.578,2,-4.963,0.0294,0.525,0.0,0.0841,0.192,146.165,4.14
5OOd01o2YS1QFwdpVLds3r,0.612,0.39399999999999996,7,-5.723,0.0243,0.637,0.0,0.147,0.233,96.001,3.39
2QA3IixpRcKyOdG7XDzRgv,0.589,0.805,5,-4.055,0.0293,0.00491,0.0,0.24,0.591,112.98200000000001,3.45
0HmCuN0Z3OX1Qrz43FLOPL,0.475,0.452,6,-4.1339999999999995,0.027000000000000003,0.146,1.36e-06,0.10800000000000001,0.276,133.959,4.36
3rnI1UCyGJvUTVvT97VQr5,0.604,0.855,7,-3.097,0.038,0.0571,3.65e-06,0.34299999999999997,0.51,99.96,3.34
1yACRKAwlXWhXXFUSkvzhD,0.541,0.77,5,-4.17,0.0354,0.004079999999999999,0.0,0.11699999999999999,0.215,96.01299999999999,4.67
6HWYtS215rxaaMjvpyG18W,0.45899999999999996,0.45899999999999996,6,-4.126,0.0275,0.13,2.3e-06,0.113,0.281,134.018,4.36
14Bljc3pOOG0xQX3wqhLN9,0.61,0.531,2,-6.122999999999999,0.0239,0.36700000000000005,0.0,0.35100000000000003,0.228,85.979,4.36
4XrP7vKBjKLEYlRZdb0Ygr,0.601,0.852,7,-3.096,0.0386,0.0606,3.41e-06,0.37,0.513,100.015,3.34
6XDBA3QWX51lDJ0oZbaJJN,0.418,0.68,7,-4.3,0.0346,0.036000000000000004,7.59e-05,0.10800000000000001,0.142,204.125,5.3
1wJL1A0QUHJPf2cm7tsrdw,0.7140000000000001,0.305,2,-8.837,0.0305,0.8190000000000001,0.0,0.174,0.5539999999999999,124.91,4.84
4h0EXpatqJImv4VRgvX6po,0.371,0.341,10,-9.475,0.0319,0.57,3.09e-05,0.10099999999999999,0.196,89.038,6.12
28M2gifMU282QBM3fKajIS,0.436,0.95,5,-2.627,0.057,0.0826,1.08e-06,0.149,0.35200000000000004,162.088,4.03
4XMP3zVxrnr58T0tjIHvpR,0.602,0.609,0,-7.803,0.0243,0.0382,0.0002,0.127,0.337,93.06,5.46
2wtHlpYSgC7xEdD3DrSHNL,0.706,0.499,4,-7.675,0.0369,0.0371,0.0,0.132,0.545,117.93700000000001,4.0
0vqI4ZIMuifeKeItGiWbPj,0.649,0.777,9,-5.803999999999999,0.0406,0.0213,0.000335,0.221,0.5870000000000001,126.01799999999999,3.63
5AsmAjBSSQjRPWgAYIp8tm,0.62,0.506,7,-7.327000000000001,0.0312,0.187,1.47e-05,0.102,0.275,126.015,4.76
0lmMtDQ2ElasKU2qDAE6NN,0.605,0.725,5,-5.729,0.0323,0.00201,2.02e-05,0.10099999999999999,0.539,96.97,3.22
4Lo9ZhL5zVKpzjYmQPb71G,0.4,0.366,4,-12.908,0.0813,0.7070000000000001,3.9e-05,0.9059999999999999,0.23600000000000002,165.363,4.62
2S79LkepDFPplMILfj9gc9,0.621,0.16399999999999998,2,-13.97,0.0428,0.7659999999999999,0.0,0.102,0.42,130.57399999999998,1.9
2WMdCRjJ9d8WGGBg7BzOXr,0.584,0.142,8,-18.377,0.0815,0.958,0.00132,0.11599999999999999,0.688,118.20200000000001,3.25
0z7JXFgY4AAW43B4pWZXX6,0.5760000000000001,0.474,7,-9.105,0.14800000000000002,0.838,7.43e-05,0.725,0.563,105.149,3.87
2aibjayGDNNXKPTIpqTnsD,0.557,0.129,9,-18.061,0.0644,0.8759999999999999,0.40399999999999997,0.158,0.632,123.29899999999999,1.29
3DKXUbgjgCEp4xz9aU1AUk,0.616,0.315,2,-10.759,0.0311,0.5539999999999999,0.0,0.159,0.289,128.941,3.57
4SqDbsslKr9S9mb2UlgMgJ,0.414,0.87,0,-8.856,0.0818,0.126,5.3200000000000006e-05,0.861,0.44799999999999995,144.62,5.59
4RBKAqJ3qyvvriDG0s9IJ3,0.741,0.444,2,-7.031000000000001,0.0311,0.659,0.0,0.131,0.512,119.006,3.68
4yziqVX2e3xZ7YINZTjkvo,0.48,0.20800000000000002,1,-13.409,0.0347,0.8959999999999999,8.79e-05,0.153,0.486,74.112,1.65
7oLZhNh5LaUnWM7kHqOnjM,0.40399999999999997,0.595,0,-11.585,0.038,0.46399999999999997,0.00364,0.133,0.381,169.815,3.57
2OiysLw55VVjAYj1tC2TMF,0.478,0.635,4,-5.231,0.0305,0.46399999999999997,0.29100000000000004,0.133,0.514,112.101,2.78
00tanKrs6k2NYcty1CKiVk,0.522,0.107,7,-16.29,0.0372,0.8809999999999999,0.0,0.245,0.33799999999999997,115.975,3.83
3OsPGKXz4qdRY7gukbcQhH,0.35700000000000004,0.64,0,-9.007,0.384,0.703,0.0,0.684,0.596,181.72299999999998,4.02
6RPSsVTwHf7Rpq00jMttBJ,0.37,0.16399999999999998,2,-18.267,0.0534,0.889,2.22e-05,0.0578,0.45399999999999996,176.31400000000002,2.78
687t0cwjfAeXInx0u7tany,0.455,0.4,5,-11.581,0.10099999999999999,0.375,0.0,0.24600000000000002,0.792,175.08599999999998,3.38
7jPBqISX2gnv4oTIqBnzQP,0.494,0.581,9,-10.623,0.0425,0.41600000000000004,1.03e-06,0.249,0.9129999999999999,203.93200000000002,1.32
4E7wcdWhk0IChNYVoQfqP2,0.45399999999999996,0.636,5,-10.345999999999998,0.0334,0.0587,4.48e-05,0.0771,0.6629999999999999,99.97,5.16
5HgpySxSUjT7wP326hXcXP,0.76,0.281,0,-11.59,0.0596,0.769,0.0,0.332,0.507,119.25299999999999,0.82
7wbATZinTGleK7zhZJs4Yq,0.688,0.765,6,-4.4510000000000005,0.0387,0.16,1.7800000000000002e-05,0.10300000000000001,0.431,129.967,3.86
5WuBu7WHqaDAIs5dikGclg,0.648,0.785,7,-5.414,0.165,0.0561,0.0,0.14800000000000002,0.943,160.02,3.65
3ScVaMDQwaD8iumBYzcDvr,0.55,0.688,8,-7.416,0.0897,0.0692,0.00144,0.106,0.465,139.997,3.67
4SHyS2ThjrS1iBGruKweCz,0.6459999999999999,0.794,7,-6.104,0.19,0.0885,6.16e-06,0.201,0.287,170.21599999999998,3.53
7ARgHV20qAFcy1UoNcaCB0,0.633,0.889,5,-5.87,0.0715,0.00463,0.000458,0.0658,0.584,121.956,3.84
7rqMFBawnvxyyj3nA1iaUV,0.647,0.8,7,-5.3839999999999995,0.165,0.0647,0.0,0.33399999999999996,0.9420000000000001,160.078,3.65
4D7kxLhSz7siCOw7KA5rQn,0.588,0.7909999999999999,7,-5.595,0.0402,0.00245,0.0025800000000000003,0.11800000000000001,0.48700000000000004,94.93299999999999,3.85
1vwCXIAjSkUxvn78Cmz84g,0.752,0.6779999999999999,5,-5.421,0.0646,0.085,1.64e-06,0.13,0.583,96.009,3.86
7aMftpNNJiQj1c2rllc8Dk,0.789,0.634,7,-4.762,0.0323,0.0348,1.64e-06,0.302,0.6579999999999999,116.992,3.54
4vWTULAbqJAgqBqK2CxSY9,0.392,0.574,7,-9.195,0.17,0.833,0.00179,0.145,0.529,81.112,3.58
4HQ097bQ6kZsOo2vbC1NT5,0.6509999999999999,0.5329999999999999,7,-10.023,0.0503,0.706,0.0348,0.687,0.6990000000000001,125.906,4.85
0I4JbXsGvZf5tsn2wyrhDm,0.5820000000000001,0.366,0,-11.8,0.0247,0.307,0.0,0.201,0.782,91.59899999999999,2.57
1k3PzDNjg38cWqOvL4M9vq,0.612,0.39399999999999996,7,-5.723,0.0243,0.637,0.0,0.147,0.233,96.001,3.39
1oR4MUBpyNrAViC8wPNpfm,0.5760000000000001,0.777,9,-2.8810000000000002,0.0324,0.051,0.0,0.32,0.428,115.02799999999999,3.32
41sjzdjScVwnxnxADElts6,0.594,0.629,8,-4.919,0.0246,0.0868,0.0,0.13699999999999998,0.504,131.597,3.93
2zzxwmoOBnXDT0KnJsoIWk,0.479,0.578,2,-4.963,0.0294,0.525,0.0,0.0841,0.192,146.165,4.14
5Tj2MqcFMf60CaGsKbM1aq,0.589,0.805,5,-4.055,0.0293,0.00491,0.0,0.24,0.591,112.98200000000001,3.45
0YgHuReCSPwTXYny7isLja,0.483,0.7509999999999999,4,-5.726,0.0365,0.00349,0.0,0.128,0.268,156.092,3.67
0ck1qErO76fM9xKxuSeqDk,0.6659999999999999,0.449,1,-8.568999999999999,0.028999999999999998,0.622,1.92e-06,0.149,0.345,126.083,4.11
6zV8AVM9eVfdG7Qahwd64R,0.593,0.705,5,-4.43,0.0269,0.0449,0.0,0.309,0.47200000000000003,100.11,4.04
2RM02ladxD5mgdrlAwh3h9,0.514,0.557,10,-6.307,0.0264,0.0178,0.00755,0.114,0.152,99.97399999999999,3.23
1yFjBRQVhRdcdnrTE5LuyD,0.5870000000000001,0.342,0,-8.033999999999999,0.0257,0.298,0.0,0.106,0.212,92.71,3.89
4yf9OivCH2lmQWN8mzpCC6,0.555,0.648,7,-4.419,0.027000000000000003,0.07200000000000001,0.0,0.14300000000000002,0.207,95.431,4.91
7vBlnGdfOLzVEqiOQQxeU8,0.575,0.855,9,-4.827,0.0467,0.000315,0.00161,0.0419,0.84,139.92,4.43
2PBghI9zJkQEWBzMSMo2Ki,0.708,0.601,7,-3.75,0.0306,0.10099999999999999,0.0,0.0979,0.742,118.962,4.01
3sqrvkNC6IPTIXvvbx9Arw,0.535,0.618,8,-3.9130000000000003,0.0273,0.0716,0.000388,0.16899999999999998,0.228,81.975,5.87
6aJ0ipi4EPmu1aTbFeXZnw,0.5820000000000001,0.8170000000000001,7,-3.718,0.0337,0.0187,1.94e-06,0.10099999999999999,0.547,131.983,4.6
6yM6QsnTCTVOkKEvg3hGlo,0.57,0.747,4,-3.978,0.0426,0.445,0.0,0.21899999999999997,0.8079999999999999,164.00400000000002,3.96
1GeLxMgpeCnMJntwyW6rLw,0.583,0.46799999999999997,4,-5.377999999999999,0.0278,0.183,1.65e-06,0.111,0.126,119.375,6.73
6SdBf0ZsJZoKaH5zcDaz9X,0.574,0.462,5,-5.124,0.0252,0.841,0.0,0.28,0.314,80.858,3.63
7BFc7ffruhZ4Hecnqf5xju,0.41200000000000003,0.682,7,-4.319,0.0339,0.0426,7.47e-05,0.106,0.146,203.959,5.3
55mh9j2aB7xZ1Oh463gK8k,0.519,0.917,11,-3.185,0.0887,0.0167,2.0600000000000003e-05,0.359,0.652,145.882,3.62
1VCJ7vk3Y2DoJIAEOXe3V8,0.359,0.32899999999999996,10,-9.531,0.0293,0.581,3.75e-05,0.0979,0.20800000000000002,84.35799999999999,6.12
0OAHsZ8vrS2NKom3cvfJQD,0.696,0.768,7,-3.863,0.0308,0.00461,1.21e-06,0.10099999999999999,0.6920000000000001,121.05,3.84
57w0Uyk2jJAkO2hMJ36xJZ,0.715,0.308,2,-8.829,0.0305,0.8290000000000001,0.0,0.16,0.547,124.899,4.84
72idZxdEHLbi2YI486c3sE,0.434,0.9440000000000001,5,-2.641,0.0581,0.0769,0.0,0.151,0.361,162.02,4.03
5aNkiOMxQXkpoEY5bTYoCh,0.525,0.6759999999999999,2,-4.684,0.0294,0.113,0.0,0.294,0.281,141.95,4.88
4LraIz87diVQdDK0rhi0S4,0.5529999999999999,0.604,1,-5.295,0.0258,0.20199999999999999,0.0,0.125,0.18600000000000003,133.989,5.04
75NS6QgULqCwUKFVIWYJbW,0.521,0.5489999999999999,10,-6.369,0.0262,0.0193,0.00576,0.11900000000000001,0.209,99.963,3.24
6VFpuI0DDmbC5UyWZQ4IRY,0.733,0.59,5,-5.86,0.0284,0.272,0.0,0.134,0.633,125.04799999999999,3.68
2OghnlGqZZsFzHjG0CSE9l,0.6779999999999999,0.902,1,-4.659,0.0358,0.113,0.00023500000000000002,0.0705,0.637,124.99799999999999,3.78
7skiELMb9SiQCcBpsExIJf,0.828,0.64,2,-8.248,0.0355,0.175,6.14e-05,0.0991,0.519,109.993,4.0
7wjbSn8QHsxqKXU5M0jXGM,0.598,0.7240000000000001,7,-7.225,0.0345,0.00678,0.00182,0.0839,0.297,137.115,4.08
6EwNJz8CuVsrsLvXprJ20Q,0.602,0.755,0,-4.9910000000000005,0.071,0.245,0.0,0.17800000000000002,0.495,159.965,3.26
7EpVQjqtKygiwJIASxMWNg,0.552,0.841,7,-6.938,0.0372,0.00103,1.23e-05,0.337,0.342,91.993,3.93
07NxDD1iKCHbAldceD7QLP,0.5670000000000001,0.789,5,-5.986000000000001,0.115,0.0156,0.0,0.382,0.43799999999999994,163.96,3.45
1fzAuUVbzlhZ1lJAx9PtY6,0.557,0.496,0,-9.602,0.0563,0.8079999999999999,0.000173,0.0772,0.265,149.983,4.89
2YWtcWi3a83pdEg3Gif4Pd,0.897,0.366,0,-8.029,0.0569,0.00889,0.00035299999999999996,0.0715,0.41600000000000004,100.00299999999999,2.89
3pHkh7d0lzM2AldUtz2x37,0.292,0.574,0,-9.375,0.0401,0.12,0.00569,0.0663,0.166,124.344,3.52
214nt20w5wOxJnY462klLw,0.662,0.747,11,-6.926,0.0736,0.027999999999999997,0.00615,0.138,0.48700000000000004,150.088,3.9
5hQSXkFgbxjZo9uCwd11so,0.7390000000000001,0.32,11,-10.862,0.239,0.736,0.000147,0.111,0.35100000000000003,79.97,3.34
73YUReisjb3A9ActdLLjJQ,0.5589999999999999,0.33399999999999996,11,-10.732999999999999,0.0376,0.87,0.0,0.114,0.21100000000000002,122.079,5.25
670fUmXf4KQekzbEgaXyPA,0.605,0.488,4,-8.322000000000001,0.0264,0.696,0.0,0.129,0.354,119.96600000000001,3.76
1XjHRolIXL2M1EEOUsGGR4,0.604,0.517,0,-9.014,0.0347,0.768,0.000155,0.12300000000000001,0.511,127.96700000000001,4.58
2QDyYdZyhlP2fp79KZX8Bi,0.5920000000000001,0.6990000000000001,3,-8.995,0.0471,0.655,1.6800000000000002e-05,0.114,0.506,141.916,3.95
7MbT4I8qGntX4fMdqMQgke,0.647,0.272,5,-12.905999999999999,0.0916,0.9179999999999999,1.73e-05,0.0918,0.33899999999999997,150.04399999999998,3.9
08fa9LFcFBTcilB3iq2e2A,0.354,0.267,1,-13.69,0.0281,0.731,0.00040199999999999996,0.0858,0.113,94.219,4.83
